#-----------------------------------------------------------
# Vivado v2024.1 (64-bit)
# SW Build 5076996 on Wed May 22 18:37:14 MDT 2024
# IP Build 5075265 on Wed May 22 21:45:21 MDT 2024
# SharedData Build 5076995 on Wed May 22 18:29:18 MDT 2024
# Start of session at: Mon Dec  2 00:32:39 2024
# Process ID: 23216
# Current directory: C:/vivadoproject/project_32
# Command line: vivado.exe -gui_launcher_event rodinguilauncherevent15380 C:\vivadoproject\project_32\project_32.xpr
# Log file: C:/vivadoproject/project_32/vivado.log
# Journal file: C:/vivadoproject/project_32\vivado.jou
# Running On        :BOOK-4TE58G2232
# Platform          :Windows Server 2016 or Windows 10
# Operating System  :22631
# Processor Detail  :13th Gen Intel(R) Core(TM) i7-1360P
# CPU Frequency     :2611 MHz
# CPU Physical cores:12
# CPU Logical cores :16
# Host memory       :16718 MB
# Swap memory       :51539 MB
# Total Virtual     :68258 MB
# Available Virtual :56166 MB
#-----------------------------------------------------------
start_gui
open_project C:/vivadoproject/project_32/project_32.xpr
WARNING: [Board 49-26] cannot add Board Part xilinx.com:ac701:part0:1.4 available at C:/Xilinx/Vivado/2024.1/data/xhub/boards/XilinxBoardStore/boards/Xilinx/ac701/1.4/board.xml as part xc7a200tfbg676-2 specified in board_part file is either invalid or not available
WARNING: [Board 49-26] cannot add Board Part xilinx.com:k24c:part0:1.0 available at C:/Xilinx/Vivado/2024.1/data/xhub/boards/XilinxBoardStore/boards/Xilinx/k24c/1.0/board.xml as part xck24-ubva530-2lv-c specified in board_part file is either invalid or not available
WARNING: [Board 49-26] cannot add Board Part xilinx.com:k24i:part0:1.0 available at C:/Xilinx/Vivado/2024.1/data/xhub/boards/XilinxBoardStore/boards/Xilinx/k24i/1.0/board.xml as part xck24-ubva530-2lvi-i specified in board_part file is either invalid or not available
WARNING: [Board 49-26] cannot add Board Part xilinx.com:k26c:part0:1.2 available at C:/Xilinx/Vivado/2024.1/data/xhub/boards/XilinxBoardStore/boards/Xilinx/k26c/1.2/board.xml as part xck26-sfvc784-2lv-c specified in board_part file is either invalid or not available
WARNING: [Board 49-26] cannot add Board Part xilinx.com:k26c:part0:1.3 available at C:/Xilinx/Vivado/2024.1/data/xhub/boards/XilinxBoardStore/boards/Xilinx/k26c/1.3/board.xml as part xck26-sfvc784-2lv-c specified in board_part file is either invalid or not available
WARNING: [Board 49-26] cannot add Board Part xilinx.com:k26c:part0:1.4 available at C:/Xilinx/Vivado/2024.1/data/xhub/boards/XilinxBoardStore/boards/Xilinx/k26c/1.4/board.xml as part xck26-sfvc784-2lv-c specified in board_part file is either invalid or not available
WARNING: [Board 49-26] cannot add Board Part xilinx.com:k26i:part0:1.2 available at C:/Xilinx/Vivado/2024.1/data/xhub/boards/XilinxBoardStore/boards/Xilinx/k26i/1.2/board.xml as part xck26-sfvc784-2lvi-i specified in board_part file is either invalid or not available
WARNING: [Board 49-26] cannot add Board Part xilinx.com:k26i:part0:1.3 available at C:/Xilinx/Vivado/2024.1/data/xhub/boards/XilinxBoardStore/boards/Xilinx/k26i/1.3/board.xml as part xck26-sfvc784-2lvi-i specified in board_part file is either invalid or not available
WARNING: [Board 49-26] cannot add Board Part xilinx.com:k26i:part0:1.4 available at C:/Xilinx/Vivado/2024.1/data/xhub/boards/XilinxBoardStore/boards/Xilinx/k26i/1.4/board.xml as part xck26-sfvc784-2lvi-i specified in board_part file is either invalid or not available
WARNING: [Board 49-26] cannot add Board Part xilinx.com:kc705:part0:1.6 available at C:/Xilinx/Vivado/2024.1/data/xhub/boards/XilinxBoardStore/boards/Xilinx/kc705/1.6/board.xml as part xc7k325tffg900-2 specified in board_part file is either invalid or not available
WARNING: [Board 49-26] cannot add Board Part xilinx.com:kcu105:part0:1.6 available at C:/Xilinx/Vivado/2024.1/data/xhub/boards/XilinxBoardStore/boards/Xilinx/kcu105/1.6/board.xml as part xcku040-ffva1156-2-e specified in board_part file is either invalid or not available
WARNING: [Board 49-26] cannot add Board Part xilinx.com:kcu105:part0:1.7 available at C:/Xilinx/Vivado/2024.1/data/xhub/boards/XilinxBoardStore/boards/Xilinx/kcu105/1.7/board.xml as part xcku040-ffva1156-2-e specified in board_part file is either invalid or not available
WARNING: [Board 49-26] cannot add Board Part xilinx.com:kcu116:part0:1.4 available at C:/Xilinx/Vivado/2024.1/data/xhub/boards/XilinxBoardStore/boards/Xilinx/kcu116/1.4/board.xml as part xcku5p-ffvb676-2-e specified in board_part file is either invalid or not available
WARNING: [Board 49-26] cannot add Board Part xilinx.com:kcu116:part0:1.5 available at C:/Xilinx/Vivado/2024.1/data/xhub/boards/XilinxBoardStore/boards/Xilinx/kcu116/1.5/board.xml as part xcku5p-ffvb676-2-e specified in board_part file is either invalid or not available
WARNING: [Board 49-26] cannot add Board Part xilinx.com:kcu1500:part0:1.2 available at C:/Xilinx/Vivado/2024.1/data/xhub/boards/XilinxBoardStore/boards/Xilinx/kcu1500/1.2/board.xml as part xcku115-flvb2104-2-e specified in board_part file is either invalid or not available
WARNING: [Board 49-26] cannot add Board Part xilinx.com:kd240_som:part0:1.0 available at C:/Xilinx/Vivado/2024.1/data/xhub/boards/XilinxBoardStore/boards/Xilinx/kd240_som/1.0/board.xml as part xck24-ubva530-2lv-c specified in board_part file is either invalid or not available
WARNING: [Board 49-26] cannot add Board Part xilinx.com:kr260_som:part0:1.0 available at C:/Xilinx/Vivado/2024.1/data/xhub/boards/XilinxBoardStore/boards/Xilinx/kr260_som/1.0/board.xml as part xck26-sfvc784-2lv-c specified in board_part file is either invalid or not available
WARNING: [Board 49-26] cannot add Board Part xilinx.com:kr260_som:part0:1.1 available at C:/Xilinx/Vivado/2024.1/data/xhub/boards/XilinxBoardStore/boards/Xilinx/kr260_som/1.1/board.xml as part xck26-sfvc784-2lv-c specified in board_part file is either invalid or not available
WARNING: [Board 49-26] cannot add Board Part xilinx.com:kv260_som:part0:1.2 available at C:/Xilinx/Vivado/2024.1/data/xhub/boards/XilinxBoardStore/boards/Xilinx/kv260_som/1.2/board.xml as part xck26-sfvc784-2lv-c specified in board_part file is either invalid or not available
WARNING: [Board 49-26] cannot add Board Part xilinx.com:kv260_som:part0:1.3 available at C:/Xilinx/Vivado/2024.1/data/xhub/boards/XilinxBoardStore/boards/Xilinx/kv260_som/1.3/board.xml as part xck26-sfvc784-2lv-c specified in board_part file is either invalid or not available
WARNING: [Board 49-26] cannot add Board Part xilinx.com:kv260_som:part0:1.4 available at C:/Xilinx/Vivado/2024.1/data/xhub/boards/XilinxBoardStore/boards/Xilinx/kv260_som/1.4/board.xml as part xck26-sfvc784-2lv-c specified in board_part file is either invalid or not available
WARNING: [Board 49-26] cannot add Board Part xilinx.com:vc707:part0:1.4 available at C:/Xilinx/Vivado/2024.1/data/xhub/boards/XilinxBoardStore/boards/Xilinx/vc707/1.4/board.xml as part xc7vx485tffg1761-2 specified in board_part file is either invalid or not available
WARNING: [Board 49-26] cannot add Board Part xilinx.com:vc709:part0:1.8 available at C:/Xilinx/Vivado/2024.1/data/xhub/boards/XilinxBoardStore/boards/Xilinx/vc709/1.8/board.xml as part xc7vx690tffg1761-2 specified in board_part file is either invalid or not available
WARNING: [Board 49-26] cannot add Board Part xilinx.com:vck190:part0:2.2 available at C:/Xilinx/Vivado/2024.1/data/xhub/boards/XilinxBoardStore/boards/Xilinx/vck190/production/2.2/board.xml as part xcvc1902-vsva2197-2mp-e-s specified in board_part file is either invalid or not available
WARNING: [Board 49-26] cannot add Board Part xilinx.com:vck190:part0:3.0 available at C:/Xilinx/Vivado/2024.1/data/xhub/boards/XilinxBoardStore/boards/Xilinx/vck190/production/3.0/board.xml as part xcvc1902-vsva2197-2mp-e-s specified in board_part file is either invalid or not available
WARNING: [Board 49-26] cannot add Board Part xilinx.com:vck190:part0:3.1 available at C:/Xilinx/Vivado/2024.1/data/xhub/boards/XilinxBoardStore/boards/Xilinx/vck190/production/3.1/board.xml as part xcvc1902-vsva2197-2mp-e-s specified in board_part file is either invalid or not available
WARNING: [Board 49-26] cannot add Board Part xilinx.com:vck190:part0:3.2 available at C:/Xilinx/Vivado/2024.1/data/xhub/boards/XilinxBoardStore/boards/Xilinx/vck190/production/3.2/board.xml as part xcvc1902-vsva2197-2mp-e-s specified in board_part file is either invalid or not available
WARNING: [Board 49-26] cannot add Board Part xilinx.com:vck190:part0:3.3 available at C:/Xilinx/Vivado/2024.1/data/xhub/boards/XilinxBoardStore/boards/Xilinx/vck190/production/3.3/board.xml as part xcvc1902-vsva2197-2mp-e-s specified in board_part file is either invalid or not available
WARNING: [Board 49-26] cannot add Board Part xilinx.com:vck190_newl:part0:1.0 available at C:/Xilinx/Vivado/2024.1/data/xhub/boards/XilinxBoardStore/boards/Xilinx/vck190_newl/production/1.0/board.xml as part xcvc1902-vsva2197-2mp-e-s specified in board_part file is either invalid or not available
WARNING: [Board 49-26] cannot add Board Part xilinx.com:vck190_newl:part0:1.1 available at C:/Xilinx/Vivado/2024.1/data/xhub/boards/XilinxBoardStore/boards/Xilinx/vck190_newl/production/1.1/board.xml as part xcvc1902-vsva2197-2mp-e-s specified in board_part file is either invalid or not available
WARNING: [Board 49-26] cannot add Board Part xilinx.com:vck190_newl:part0:1.2 available at C:/Xilinx/Vivado/2024.1/data/xhub/boards/XilinxBoardStore/boards/Xilinx/vck190_newl/production/1.2/board.xml as part xcvc1902-vsva2197-2mp-e-s specified in board_part file is either invalid or not available
WARNING: [Board 49-26] cannot add Board Part xilinx.com:vcu108:part0:1.6 available at C:/Xilinx/Vivado/2024.1/data/xhub/boards/XilinxBoardStore/boards/Xilinx/vcu108/1.6/board.xml as part xcvu095-ffva2104-2-e specified in board_part file is either invalid or not available
WARNING: [Board 49-26] cannot add Board Part xilinx.com:vcu108:part0:1.7 available at C:/Xilinx/Vivado/2024.1/data/xhub/boards/XilinxBoardStore/boards/Xilinx/vcu108/1.7/board.xml as part xcvu095-ffva2104-2-e specified in board_part file is either invalid or not available
WARNING: [Board 49-26] cannot add Board Part xilinx.com:vcu110:part0:1.4 available at C:/Xilinx/Vivado/2024.1/data/xhub/boards/XilinxBoardStore/boards/Xilinx/vcu110/1.4/board.xml as part xcvu190-flgc2104-2-e specified in board_part file is either invalid or not available
WARNING: [Board 49-26] cannot add Board Part xilinx.com:vcu118:part0:2.0 available at C:/Xilinx/Vivado/2024.1/data/xhub/boards/XilinxBoardStore/boards/Xilinx/vcu118/2.0/board.xml as part xcvu9p-flga2104-2l-e specified in board_part file is either invalid or not available
WARNING: [Board 49-26] cannot add Board Part xilinx.com:vcu118:part0:2.3 available at C:/Xilinx/Vivado/2024.1/data/xhub/boards/XilinxBoardStore/boards/Xilinx/vcu118/2.3/board.xml as part xcvu9p-flga2104-2l-e specified in board_part file is either invalid or not available
WARNING: [Board 49-26] cannot add Board Part xilinx.com:vcu118:part0:2.4 available at C:/Xilinx/Vivado/2024.1/data/xhub/boards/XilinxBoardStore/boards/Xilinx/vcu118/2.4/board.xml as part xcvu9p-flga2104-2l-e specified in board_part file is either invalid or not available
WARNING: [Board 49-26] cannot add Board Part xilinx.com:vcu128:part0:1.0 available at C:/Xilinx/Vivado/2024.1/data/xhub/boards/XilinxBoardStore/boards/Xilinx/vcu128/production/1.0/board.xml as part xcvu37p-fsvh2892-2l-e specified in board_part file is either invalid or not available
WARNING: [Board 49-26] cannot add Board Part xilinx.com:vcu129:part0:1.0 available at C:/Xilinx/Vivado/2024.1/data/xhub/boards/XilinxBoardStore/boards/Xilinx/vcu129/production/1.0/board.xml as part xcvu29p-fsga2577-2l-e specified in board_part file is either invalid or not available
WARNING: [Board 49-26] cannot add Board Part xilinx.com:vcu1525:part0:1.3 available at C:/Xilinx/Vivado/2024.1/data/xhub/boards/XilinxBoardStore/boards/Xilinx/vcu1525/1.3/board.xml as part xcvu9p-fsgd2104-2l-e specified in board_part file is either invalid or not available
WARNING: [Board 49-26] cannot add Board Part xilinx.com:vek280:part0:1.0 available at C:/Xilinx/Vivado/2024.1/data/xhub/boards/XilinxBoardStore/boards/Xilinx/vek280/production/1.0/board.xml as part xcve2802-vsvh1760-2mp-e-s specified in board_part file is either invalid or not available
WARNING: [Board 49-26] cannot add Board Part xilinx.com:vek280:part0:1.1 available at C:/Xilinx/Vivado/2024.1/data/xhub/boards/XilinxBoardStore/boards/Xilinx/vek280/production/1.1/board.xml as part xcve2802-vsvh1760-2mp-e-s specified in board_part file is either invalid or not available
WARNING: [Board 49-26] cannot add Board Part xilinx.com:vek280:part0:1.2 available at C:/Xilinx/Vivado/2024.1/data/xhub/boards/XilinxBoardStore/boards/Xilinx/vek280/production/1.2/board.xml as part xcve2802-vsvh1760-2mp-e-s specified in board_part file is either invalid or not available
WARNING: [Board 49-26] cannot add Board Part xilinx.com:vek280_es:part0:1.0 available at C:/Xilinx/Vivado/2024.1/data/xhub/boards/XilinxBoardStore/boards/Xilinx/vek280/es/rev_a/1.0/board.xml as part xcve2802-vsvh1760-2lp-e-s-es1 specified in board_part file is either invalid or not available
WARNING: [Board 49-26] cannot add Board Part xilinx.com:vek280_es:part0:1.1 available at C:/Xilinx/Vivado/2024.1/data/xhub/boards/XilinxBoardStore/boards/Xilinx/vek280/es/rev_a/1.1/board.xml as part xcve2802-vsvh1760-2lp-e-s-es1 specified in board_part file is either invalid or not available
WARNING: [Board 49-26] cannot add Board Part xilinx.com:vek280_es_revb:part0:1.0 available at C:/Xilinx/Vivado/2024.1/data/xhub/boards/XilinxBoardStore/boards/Xilinx/vek280/es/rev_b/1.0/board.xml as part xcve2802-vsvh1760-2mp-e-s-es1 specified in board_part file is either invalid or not available
WARNING: [Board 49-26] cannot add Board Part xilinx.com:vek280_es_revb:part0:1.1 available at C:/Xilinx/Vivado/2024.1/data/xhub/boards/XilinxBoardStore/boards/Xilinx/vek280/es/rev_b/1.1/board.xml as part xcve2802-vsvh1760-2mp-e-s-es1 specified in board_part file is either invalid or not available
WARNING: [Board 49-26] cannot add Board Part xilinx.com:vermeo_t1_mpsoc:part0:1.0 available at C:/Xilinx/Vivado/2024.1/data/xhub/boards/XilinxBoardStore/boards/Xilinx/vermeo_t1_mpsoc/1.0/board.xml as part xczu19eg-ffvd1760-2l-e specified in board_part file is either invalid or not available
WARNING: [Board 49-26] cannot add Board Part xilinx.com:vermeo_t1_rfsoc:part0:1.0 available at C:/Xilinx/Vivado/2024.1/data/xhub/boards/XilinxBoardStore/boards/Xilinx/vermeo_t1_rfsoc/1.0/board.xml as part xczu21dr-ffvd1156-2l-e specified in board_part file is either invalid or not available
WARNING: [Board 49-26] cannot add Board Part xilinx.com:vhk158:part0:1.0 available at C:/Xilinx/Vivado/2024.1/data/xhub/boards/XilinxBoardStore/boards/Xilinx/vhk158/production/1.0/board.xml as part xcvh1582-vsva3697-2mp-e-s specified in board_part file is either invalid or not available
WARNING: [Board 49-26] cannot add Board Part xilinx.com:vhk158:part0:1.1 available at C:/Xilinx/Vivado/2024.1/data/xhub/boards/XilinxBoardStore/boards/Xilinx/vhk158/production/1.1/board.xml as part xcvh1582-vsva3697-2mp-e-s specified in board_part file is either invalid or not available
WARNING: [Board 49-26] cannot add Board Part xilinx.com:vhk158_es:part0:1.0 available at C:/Xilinx/Vivado/2024.1/data/xhub/boards/XilinxBoardStore/boards/Xilinx/vhk158/es/1.0/board.xml as part xcvh1582-vsva3697-2mp-e-s-es1 specified in board_part file is either invalid or not available
WARNING: [Board 49-26] cannot add Board Part xilinx.com:vhk158_es:part0:1.1 available at C:/Xilinx/Vivado/2024.1/data/xhub/boards/XilinxBoardStore/boards/Xilinx/vhk158/es/1.1/board.xml as part xcvh1582-vsva3697-2mp-e-s-es1 specified in board_part file is either invalid or not available
WARNING: [Board 49-26] cannot add Board Part xilinx.com:vmk180:part0:2.2 available at C:/Xilinx/Vivado/2024.1/data/xhub/boards/XilinxBoardStore/boards/Xilinx/vmk180/production/2.2/board.xml as part xcvm1802-vsva2197-2mp-e-s specified in board_part file is either invalid or not available
WARNING: [Board 49-26] cannot add Board Part xilinx.com:vmk180:part0:3.0 available at C:/Xilinx/Vivado/2024.1/data/xhub/boards/XilinxBoardStore/boards/Xilinx/vmk180/production/3.0/board.xml as part xcvm1802-vsva2197-2mp-e-s specified in board_part file is either invalid or not available
WARNING: [Board 49-26] cannot add Board Part xilinx.com:vmk180:part0:3.1 available at C:/Xilinx/Vivado/2024.1/data/xhub/boards/XilinxBoardStore/boards/Xilinx/vmk180/production/3.1/board.xml as part xcvm1802-vsva2197-2mp-e-s specified in board_part file is either invalid or not available
WARNING: [Board 49-26] cannot add Board Part xilinx.com:vmk180:part0:3.2 available at C:/Xilinx/Vivado/2024.1/data/xhub/boards/XilinxBoardStore/boards/Xilinx/vmk180/production/3.2/board.xml as part xcvm1802-vsva2197-2mp-e-s specified in board_part file is either invalid or not available
WARNING: [Board 49-26] cannot add Board Part xilinx.com:vmk180_newl:part0:1.0 available at C:/Xilinx/Vivado/2024.1/data/xhub/boards/XilinxBoardStore/boards/Xilinx/vmk180_newl/production/1.0/board.xml as part xcvm1802-vsva2197-2mp-e-s specified in board_part file is either invalid or not available
WARNING: [Board 49-26] cannot add Board Part xilinx.com:vmk180_newl:part0:1.1 available at C:/Xilinx/Vivado/2024.1/data/xhub/boards/XilinxBoardStore/boards/Xilinx/vmk180_newl/production/1.1/board.xml as part xcvm1802-vsva2197-2mp-e-s specified in board_part file is either invalid or not available
WARNING: [Board 49-26] cannot add Board Part xilinx.com:vpk120:part0:1.0 available at C:/Xilinx/Vivado/2024.1/data/xhub/boards/XilinxBoardStore/boards/Xilinx/vpk120/production/1.0/board.xml as part xcvp1202-vsva2785-2mp-e-s specified in board_part file is either invalid or not available
WARNING: [Board 49-26] cannot add Board Part xilinx.com:vpk120:part0:1.1 available at C:/Xilinx/Vivado/2024.1/data/xhub/boards/XilinxBoardStore/boards/Xilinx/vpk120/production/1.1/board.xml as part xcvp1202-vsva2785-2mp-e-s specified in board_part file is either invalid or not available
WARNING: [Board 49-26] cannot add Board Part xilinx.com:vpk120:part0:1.2 available at C:/Xilinx/Vivado/2024.1/data/xhub/boards/XilinxBoardStore/boards/Xilinx/vpk120/production/1.2/board.xml as part xcvp1202-vsva2785-2mp-e-s specified in board_part file is either invalid or not available
WARNING: [Board 49-26] cannot add Board Part xilinx.com:vpk180:part0:1.0 available at C:/Xilinx/Vivado/2024.1/data/xhub/boards/XilinxBoardStore/boards/Xilinx/vpk180/production/1.0/board.xml as part xcvp1802-lsvc4072-2mp-e-s specified in board_part file is either invalid or not available
WARNING: [Board 49-26] cannot add Board Part xilinx.com:vpk180:part0:1.1 available at C:/Xilinx/Vivado/2024.1/data/xhub/boards/XilinxBoardStore/boards/Xilinx/vpk180/production/1.1/board.xml as part xcvp1802-lsvc4072-2mp-e-s specified in board_part file is either invalid or not available
WARNING: [Board 49-26] cannot add Board Part xilinx.com:vpk180:part0:1.2 available at C:/Xilinx/Vivado/2024.1/data/xhub/boards/XilinxBoardStore/boards/Xilinx/vpk180/production/1.2/board.xml as part xcvp1802-lsvc4072-2mp-e-s specified in board_part file is either invalid or not available
WARNING: [Board 49-26] cannot add Board Part xilinx.com:zc702:part0:1.4 available at C:/Xilinx/Vivado/2024.1/data/xhub/boards/XilinxBoardStore/boards/Xilinx/zc702/1.4/board.xml as part xc7z020clg484-1 specified in board_part file is either invalid or not available
WARNING: [Board 49-26] cannot add Board Part xilinx.com:zc706:part0:1.4 available at C:/Xilinx/Vivado/2024.1/data/xhub/boards/XilinxBoardStore/boards/Xilinx/zc706/1.4/board.xml as part xc7z045ffg900-2 specified in board_part file is either invalid or not available
WARNING: [Board 49-26] cannot add Board Part xilinx.com:zcu102:part0:3.3 available at C:/Xilinx/Vivado/2024.1/data/xhub/boards/XilinxBoardStore/boards/Xilinx/zcu102/3.3/board.xml as part xczu9eg-ffvb1156-2-e specified in board_part file is either invalid or not available
WARNING: [Board 49-26] cannot add Board Part xilinx.com:zcu102:part0:3.4 available at C:/Xilinx/Vivado/2024.1/data/xhub/boards/XilinxBoardStore/boards/Xilinx/zcu102/3.4/board.xml as part xczu9eg-ffvb1156-2-e specified in board_part file is either invalid or not available
WARNING: [Board 49-26] cannot add Board Part xilinx.com:zcu104:part0:1.1 available at C:/Xilinx/Vivado/2024.1/data/xhub/boards/XilinxBoardStore/boards/Xilinx/zcu104/1.1/board.xml as part xczu7ev-ffvc1156-2-e specified in board_part file is either invalid or not available
WARNING: [Board 49-26] cannot add Board Part xilinx.com:zcu106:part0:2.4 available at C:/Xilinx/Vivado/2024.1/data/xhub/boards/XilinxBoardStore/boards/Xilinx/zcu106/2.4/board.xml as part xczu7ev-ffvc1156-2-e specified in board_part file is either invalid or not available
WARNING: [Board 49-26] cannot add Board Part xilinx.com:zcu106:part0:2.5 available at C:/Xilinx/Vivado/2024.1/data/xhub/boards/XilinxBoardStore/boards/Xilinx/zcu106/2.5/board.xml as part xczu7ev-ffvc1156-2-e specified in board_part file is either invalid or not available
WARNING: [Board 49-26] cannot add Board Part xilinx.com:zcu106:part0:2.6 available at C:/Xilinx/Vivado/2024.1/data/xhub/boards/XilinxBoardStore/boards/Xilinx/zcu106/2.6/board.xml as part xczu7ev-ffvc1156-2-e specified in board_part file is either invalid or not available
WARNING: [Board 49-26] cannot add Board Part xilinx.com:zcu111:part0:1.2 available at C:/Xilinx/Vivado/2024.1/data/xhub/boards/XilinxBoardStore/boards/Xilinx/zcu111/1.2/board.xml as part xczu28dr-ffvg1517-2-e specified in board_part file is either invalid or not available
WARNING: [Board 49-26] cannot add Board Part xilinx.com:zcu111:part0:1.3 available at C:/Xilinx/Vivado/2024.1/data/xhub/boards/XilinxBoardStore/boards/Xilinx/zcu111/1.3/board.xml as part xczu28dr-ffvg1517-2-e specified in board_part file is either invalid or not available
WARNING: [Board 49-26] cannot add Board Part xilinx.com:zcu111:part0:1.4 available at C:/Xilinx/Vivado/2024.1/data/xhub/boards/XilinxBoardStore/boards/Xilinx/zcu111/1.4/board.xml as part xczu28dr-ffvg1517-2-e specified in board_part file is either invalid or not available
WARNING: [Board 49-26] cannot add Board Part xilinx.com:zcu1275:part0:1.0 available at C:/Xilinx/Vivado/2024.1/data/xhub/boards/XilinxBoardStore/boards/Xilinx/zcu1275/1.0/board.xml as part xczu29dr-ffvf1760-2-e specified in board_part file is either invalid or not available
WARNING: [Board 49-26] cannot add Board Part xilinx.com:zcu1285:part0:1.0 available at C:/Xilinx/Vivado/2024.1/data/xhub/boards/XilinxBoardStore/boards/Xilinx/zcu1285/1.0/board.xml as part xczu39dr-ffvf1760-2-i specified in board_part file is either invalid or not available
WARNING: [Board 49-26] cannot add Board Part xilinx.com:zcu208:part0:2.0 available at C:/Xilinx/Vivado/2024.1/data/xhub/boards/XilinxBoardStore/boards/Xilinx/zcu208/production/2.0/board.xml as part xczu48dr-fsvg1517-2-e specified in board_part file is either invalid or not available
WARNING: [Board 49-26] cannot add Board Part xilinx.com:zcu208ld:part0:2.0 available at C:/Xilinx/Vivado/2024.1/data/xhub/boards/XilinxBoardStore/boards/Xilinx/zcu208ld/production/2.0/board.xml as part xczu58dr-fsvg1517-2-i specified in board_part file is either invalid or not available
WARNING: [Board 49-26] cannot add Board Part xilinx.com:zcu216:part0:2.0 available at C:/Xilinx/Vivado/2024.1/data/xhub/boards/XilinxBoardStore/boards/Xilinx/zcu216/production/2.0/board.xml as part xczu49dr-ffvf1760-2-e specified in board_part file is either invalid or not available
WARNING: [Board 49-26] cannot add Board Part xilinx.com:zcu216ld:part0:2.0 available at C:/Xilinx/Vivado/2024.1/data/xhub/boards/XilinxBoardStore/boards/Xilinx/zcu216ld/production/2.0/board.xml as part xczu59dr-ffvf1760-2-i specified in board_part file is either invalid or not available
WARNING: [Board 49-26] cannot add Board Part xilinx.com:zcu670:part0:2.0 available at C:/Xilinx/Vivado/2024.1/data/xhub/boards/XilinxBoardStore/boards/Xilinx/zcu670/2.0/board.xml as part xczu67dr-fsve1156-2-i specified in board_part file is either invalid or not available
WARNING: [Board 49-26] cannot add Board Part xilinx.com:zcu670ld:part0:1.0 available at C:/Xilinx/Vivado/2024.1/data/xhub/boards/XilinxBoardStore/boards/Xilinx/zcu670ld/1.0/board.xml as part xczu57dr-fsve1156-2-i specified in board_part file is either invalid or not available
INFO: [filemgmt 56-3] Default IP Output Path : Could not find the directory 'C:/vivadoproject/project_32/project_32.gen/sources_1'.
Scanning sources...
Finished scanning sources
INFO: [IP_Flow 19-234] Refreshing IP repositories
INFO: [IP_Flow 19-1704] No user IP repositories specified
INFO: [IP_Flow 19-2313] Loaded Vivado IP repository 'C:/Xilinx/Vivado/2024.1/data/ip'.
open_project: Time (s): cpu = 00:00:08 ; elapsed = 00:00:09 . Memory (MB): peak = 1660.121 ; gain = 253.152
update_compile_order -fileset sources_1
WARNING: [filemgmt 56-199] Attempt to get parsing info during refresh. "On-the-fly" syntax checking information may be incorrect. [C:\vivadoproject\project_32\project_32.srcs\sources_1\new\a.v:]
WARNING: [filemgmt 56-199] Attempt to get parsing info during refresh. "On-the-fly" syntax checking information may be incorrect. [C:\vivadoproject\project_32\project_32.srcs\sim_1\new\w.v:]
WARNING: [filemgmt 56-199] Attempt to get parsing info during refresh. "On-the-fly" syntax checking information may be incorrect. [C:\vivadoproject\project_32\project_32.srcs\sim_1\new\w.v:]
WARNING: [filemgmt 56-199] Attempt to get parsing info during refresh. "On-the-fly" syntax checking information may be incorrect. [C:\vivadoproject\project_32\project_32.srcs\sim_1\new\w.v:]
ERROR: [Common 17-180] Spawn failed: No error
WARNING: [filemgmt 56-199] Attempt to get parsing info during refresh. "On-the-fly" syntax checking information may be incorrect. [C:\vivadoproject\project_32\project_32.srcs\sources_1\new\a.v:]
WARNING: [filemgmt 56-199] Attempt to get parsing info during refresh. "On-the-fly" syntax checking information may be incorrect. [C:\vivadoproject\project_32\project_32.srcs\sim_1\new\w.v:]
WARNING: [filemgmt 56-199] Attempt to get parsing info during refresh. "On-the-fly" syntax checking information may be incorrect. [C:\vivadoproject\project_32\project_32.srcs\sim_1\new\w.v:]
WARNING: [filemgmt 56-199] Attempt to get parsing info during refresh. "On-the-fly" syntax checking information may be incorrect. [C:\vivadoproject\project_32\project_32.srcs\sim_1\new\w.v:]
ERROR: [Common 17-180] Spawn failed: No error
launch_simulation
Command: launch_simulation 
INFO: [Vivado 12-12493] Simulation top is 'tb_output1'
WARNING: [Vivado 12-13340] Unable to auto find GCC executables from simulator install path! (path not set)
INFO: [Vivado 12-5682] Launching behavioral simulation in 'C:/vivadoproject/project_32/project_32.sim/sim_1/behav/xsim'
INFO: [SIM-utils-51] Simulation object is 'sim_1'
INFO: [SIM-utils-72] Using boost library from 'C:/Xilinx/Vivado/2024.1/tps/boost_1_72_0'
INFO: [SIM-utils-54] Inspecting design source files for 'tb_output1' in fileset 'sim_1'...
INFO: [USF-XSim-97] Finding global include files...
INFO: [USF-XSim-98] Fetching design files from 'sim_1'...
INFO: [USF-XSim-2] XSim::Compile design
INFO: [USF-XSim-61] Executing 'COMPILE and ANALYZE' step in 'C:/vivadoproject/project_32/project_32.sim/sim_1/behav/xsim'
"xvlog --incr --relax -prj tb_output1_vlog.prj"
INFO: [VRFC 10-2263] Analyzing Verilog file "C:/vivadoproject/project_32/project_32.srcs/sources_1/new/a.v" into library xil_defaultlib
INFO: [VRFC 10-311] analyzing module output1
INFO: [VRFC 10-2263] Analyzing Verilog file "C:/vivadoproject/project_32/project_32.srcs/sim_1/new/w.v" into library xil_defaultlib
INFO: [VRFC 10-311] analyzing module tb_output1
INFO: [VRFC 10-2263] Analyzing Verilog file "C:/vivadoproject/project_32/project_32.sim/sim_1/behav/xsim/glbl.v" into library xil_defaultlib
INFO: [VRFC 10-311] analyzing module glbl
INFO: [USF-XSim-69] 'compile' step finished in '1' seconds
INFO: [USF-XSim-3] XSim::Elaborate design
INFO: [USF-XSim-61] Executing 'ELABORATE' step in 'C:/vivadoproject/project_32/project_32.sim/sim_1/behav/xsim'
"xelab --incr --debug typical --relax --mt 2 -L xil_defaultlib -L unisims_ver -L unimacro_ver -L secureip --snapshot tb_output1_behav xil_defaultlib.tb_output1 xil_defaultlib.glbl -log elaborate.log"
Vivado Simulator v2024.1
Copyright 1986-2022 Xilinx, Inc. All Rights Reserved.
Copyright 2022-2024 Advanced Micro Devices, Inc. All Rights Reserved.
Running: C:/Xilinx/Vivado/2024.1/bin/unwrapped/win64.o/xelab.exe --incr --debug typical --relax --mt 2 -L xil_defaultlib -L unisims_ver -L unimacro_ver -L secureip --snapshot tb_output1_behav xil_defaultlib.tb_output1 xil_defaultlib.glbl -log elaborate.log 
Using 2 slave threads.
Starting static elaboration
Pass Through NonSizing Optimizer
Completed static elaboration
Starting simulation data flow analysis
WARNING: [XSIM 43-4099] "C:/vivadoproject/project_32/project_32.srcs/sources_1/new/a.v" Line 1. Module output1 doesn't have a timescale but at least one module in design has a timescale.
WARNING: [XSIM 43-4099] "C:/vivadoproject/project_32/project_32.srcs/sources_1/new/a.v" Line 1. Module output1 doesn't have a timescale but at least one module in design has a timescale.
Completed simulation data flow analysis
Time Resolution for simulation is 1ps
Compiling module xil_defaultlib.output1
Compiling module xil_defaultlib.tb_output1
Compiling module xil_defaultlib.glbl
Built simulation snapshot tb_output1_behav
INFO: [USF-XSim-69] 'elaborate' step finished in '2' seconds
INFO: [USF-XSim-4] XSim::Simulate design
INFO: [USF-XSim-61] Executing 'SIMULATE' step in 'C:/vivadoproject/project_32/project_32.sim/sim_1/behav/xsim'
INFO: [USF-XSim-98] *** Running xsim
   with args "tb_output1_behav -key {Behavioral:sim_1:Functional:tb_output1} -tclbatch {tb_output1.tcl} -log {simulate.log}"
INFO: [USF-XSim-8] Loading simulator feature
Time resolution is 1 ps
source tb_output1.tcl
# set curr_wave [current_wave_config]
# if { [string length $curr_wave] == 0 } {
#   if { [llength [get_objects]] > 0} {
#     add_wave /
#     set_property needs_save false [current_wave_config]
#   } else {
#      send_msg_id Add_Wave-1 WARNING "No top level signals found. Simulator will start without a wave window. If you want to open a wave window go to 'File->New Waveform Configuration' or type 'create_wave_config' in the TCL console."
#   }
# }
# run 1000ns
INFO: [USF-XSim-96] XSim completed. Design snapshot 'tb_output1_behav' loaded.
INFO: [USF-XSim-97] XSim simulation ran for 1000ns
launch_simulation: Time (s): cpu = 00:00:01 ; elapsed = 00:00:06 . Memory (MB): peak = 1660.121 ; gain = 0.000
WARNING: [filemgmt 56-199] Attempt to get parsing info during refresh. "On-the-fly" syntax checking information may be incorrect. [C:\vivadoproject\project_32\project_32.srcs\sources_1\new\a.v:]
WARNING: [filemgmt 56-199] Attempt to get parsing info during refresh. "On-the-fly" syntax checking information may be incorrect. [C:\vivadoproject\project_32\project_32.srcs\sim_1\new\w.v:]
WARNING: [filemgmt 56-199] Attempt to get parsing info during refresh. "On-the-fly" syntax checking information may be incorrect. [C:\vivadoproject\project_32\project_32.srcs\sim_1\new\w.v:]
WARNING: [filemgmt 56-199] Attempt to get parsing info during refresh. "On-the-fly" syntax checking information may be incorrect. [C:\vivadoproject\project_32\project_32.srcs\sim_1\new\w.v:]
ERROR: [Common 17-180] Spawn failed: No error
WARNING: [filemgmt 56-199] Attempt to get parsing info during refresh. "On-the-fly" syntax checking information may be incorrect. [C:\vivadoproject\project_32\project_32.srcs\sources_1\new\a.v:]
WARNING: [filemgmt 56-199] Attempt to get parsing info during refresh. "On-the-fly" syntax checking information may be incorrect. [C:\vivadoproject\project_32\project_32.srcs\sim_1\new\w.v:]
WARNING: [filemgmt 56-199] Attempt to get parsing info during refresh. "On-the-fly" syntax checking information may be incorrect. [C:\vivadoproject\project_32\project_32.srcs\sim_1\new\w.v:]
WARNING: [filemgmt 56-199] Attempt to get parsing info during refresh. "On-the-fly" syntax checking information may be incorrect. [C:\vivadoproject\project_32\project_32.srcs\sim_1\new\w.v:]
ERROR: [Common 17-180] Spawn failed: No error
WARNING: [filemgmt 56-199] Attempt to get parsing info during refresh. "On-the-fly" syntax checking information may be incorrect. [C:\vivadoproject\project_32\project_32.srcs\sources_1\new\a.v:]
WARNING: [filemgmt 56-199] Attempt to get parsing info during refresh. "On-the-fly" syntax checking information may be incorrect. [C:\vivadoproject\project_32\project_32.srcs\sim_1\new\w.v:]
WARNING: [filemgmt 56-199] Attempt to get parsing info during refresh. "On-the-fly" syntax checking information may be incorrect. [C:\vivadoproject\project_32\project_32.srcs\sim_1\new\w.v:]
WARNING: [filemgmt 56-199] Attempt to get parsing info during refresh. "On-the-fly" syntax checking information may be incorrect. [C:\vivadoproject\project_32\project_32.srcs\sim_1\new\w.v:]
ERROR: [Common 17-180] Spawn failed: No error
WARNING: [filemgmt 56-199] Attempt to get parsing info during refresh. "On-the-fly" syntax checking information may be incorrect. [C:\vivadoproject\project_32\project_32.srcs\sources_1\new\a.v:]
WARNING: [filemgmt 56-199] Attempt to get parsing info during refresh. "On-the-fly" syntax checking information may be incorrect. [C:\vivadoproject\project_32\project_32.srcs\sim_1\new\w.v:]
WARNING: [filemgmt 56-199] Attempt to get parsing info during refresh. "On-the-fly" syntax checking information may be incorrect. [C:\vivadoproject\project_32\project_32.srcs\sim_1\new\w.v:]
WARNING: [filemgmt 56-199] Attempt to get parsing info during refresh. "On-the-fly" syntax checking information may be incorrect. [C:\vivadoproject\project_32\project_32.srcs\sim_1\new\w.v:]
ERROR: [Common 17-180] Spawn failed: No error
WARNING: [filemgmt 56-199] Attempt to get parsing info during refresh. "On-the-fly" syntax checking information may be incorrect. [C:\vivadoproject\project_32\project_32.srcs\sources_1\new\a.v:]
WARNING: [filemgmt 56-199] Attempt to get parsing info during refresh. "On-the-fly" syntax checking information may be incorrect. [C:\vivadoproject\project_32\project_32.srcs\sim_1\new\w.v:]
WARNING: [filemgmt 56-199] Attempt to get parsing info during refresh. "On-the-fly" syntax checking information may be incorrect. [C:\vivadoproject\project_32\project_32.srcs\sim_1\new\w.v:]
WARNING: [filemgmt 56-199] Attempt to get parsing info during refresh. "On-the-fly" syntax checking information may be incorrect. [C:\vivadoproject\project_32\project_32.srcs\sim_1\new\w.v:]
ERROR: [Common 17-180] Spawn failed: No error
close_sim
WARNING: [filemgmt 56-199] Attempt to get parsing info during refresh. "On-the-fly" syntax checking information may be incorrect. [C:\vivadoproject\project_32\project_32.srcs\sources_1\new\a.v:]
WARNING: [filemgmt 56-199] Attempt to get parsing info during refresh. "On-the-fly" syntax checking information may be incorrect. [C:\vivadoproject\project_32\project_32.srcs\sim_1\new\w.v:]
WARNING: [filemgmt 56-199] Attempt to get parsing info during refresh. "On-the-fly" syntax checking information may be incorrect. [C:\vivadoproject\project_32\project_32.srcs\sim_1\new\w.v:]
WARNING: [filemgmt 56-199] Attempt to get parsing info during refresh. "On-the-fly" syntax checking information may be incorrect. [C:\vivadoproject\project_32\project_32.srcs\sim_1\new\w.v:]
INFO: [Simtcl 6-16] Simulation closed
ERROR: [Common 17-180] Spawn failed: No error
launch_simulation
Command: launch_simulation 
INFO: [Vivado 12-12493] Simulation top is 'tb_output1'
WARNING: [Vivado 12-13340] Unable to auto find GCC executables from simulator install path! (path not set)
INFO: [Vivado 12-5682] Launching behavioral simulation in 'C:/vivadoproject/project_32/project_32.sim/sim_1/behav/xsim'
INFO: [SIM-utils-51] Simulation object is 'sim_1'
INFO: [SIM-utils-72] Using boost library from 'C:/Xilinx/Vivado/2024.1/tps/boost_1_72_0'
INFO: [SIM-utils-54] Inspecting design source files for 'tb_output1' in fileset 'sim_1'...
INFO: [USF-XSim-97] Finding global include files...
INFO: [USF-XSim-98] Fetching design files from 'sim_1'...
INFO: [USF-XSim-2] XSim::Compile design
INFO: [USF-XSim-61] Executing 'COMPILE and ANALYZE' step in 'C:/vivadoproject/project_32/project_32.sim/sim_1/behav/xsim'
"xvlog --incr --relax -prj tb_output1_vlog.prj"
INFO: [VRFC 10-2263] Analyzing Verilog file "C:/vivadoproject/project_32/project_32.srcs/sources_1/new/a.v" into library xil_defaultlib
INFO: [VRFC 10-311] analyzing module bcd_up
INFO: [VRFC 10-2263] Analyzing Verilog file "C:/vivadoproject/project_32/project_32.srcs/sim_1/new/w.v" into library xil_defaultlib
INFO: [VRFC 10-311] analyzing module tb_output1
INFO: [USF-XSim-69] 'compile' step finished in '2' seconds
INFO: [USF-XSim-3] XSim::Elaborate design
INFO: [USF-XSim-61] Executing 'ELABORATE' step in 'C:/vivadoproject/project_32/project_32.sim/sim_1/behav/xsim'
"xelab --incr --debug typical --relax --mt 2 -L xil_defaultlib -L unisims_ver -L unimacro_ver -L secureip --snapshot tb_output1_behav xil_defaultlib.tb_output1 xil_defaultlib.glbl -log elaborate.log"
Vivado Simulator v2024.1
Copyright 1986-2022 Xilinx, Inc. All Rights Reserved.
Copyright 2022-2024 Advanced Micro Devices, Inc. All Rights Reserved.
Running: C:/Xilinx/Vivado/2024.1/bin/unwrapped/win64.o/xelab.exe --incr --debug typical --relax --mt 2 -L xil_defaultlib -L unisims_ver -L unimacro_ver -L secureip --snapshot tb_output1_behav xil_defaultlib.tb_output1 xil_defaultlib.glbl -log elaborate.log 
Using 2 slave threads.
Starting static elaboration
Pass Through NonSizing Optimizer
Completed static elaboration
Starting simulation data flow analysis
WARNING: [XSIM 43-4099] "C:/vivadoproject/project_32/project_32.srcs/sources_1/new/a.v" Line 1. Module bcd_up doesn't have a timescale but at least one module in design has a timescale.
WARNING: [XSIM 43-4099] "C:/vivadoproject/project_32/project_32.srcs/sources_1/new/a.v" Line 1. Module bcd_up doesn't have a timescale but at least one module in design has a timescale.
Completed simulation data flow analysis
Time Resolution for simulation is 1ps
Compiling module xil_defaultlib.bcd_up
Compiling module xil_defaultlib.tb_output1
Compiling module xil_defaultlib.glbl
Built simulation snapshot tb_output1_behav
INFO: [USF-XSim-69] 'elaborate' step finished in '1' seconds
INFO: [USF-XSim-4] XSim::Simulate design
INFO: [USF-XSim-61] Executing 'SIMULATE' step in 'C:/vivadoproject/project_32/project_32.sim/sim_1/behav/xsim'
INFO: [USF-XSim-98] *** Running xsim
   with args "tb_output1_behav -key {Behavioral:sim_1:Functional:tb_output1} -tclbatch {tb_output1.tcl} -log {simulate.log}"
INFO: [USF-XSim-8] Loading simulator feature
Time resolution is 1 ps
source tb_output1.tcl
# set curr_wave [current_wave_config]
# if { [string length $curr_wave] == 0 } {
#   if { [llength [get_objects]] > 0} {
#     add_wave /
#     set_property needs_save false [current_wave_config]
#   } else {
#      send_msg_id Add_Wave-1 WARNING "No top level signals found. Simulator will start without a wave window. If you want to open a wave window go to 'File->New Waveform Configuration' or type 'create_wave_config' in the TCL console."
#   }
# }
# run 1000ns
INFO: [USF-XSim-96] XSim completed. Design snapshot 'tb_output1_behav' loaded.
INFO: [USF-XSim-97] XSim simulation ran for 1000ns
launch_simulation: Time (s): cpu = 00:00:00 ; elapsed = 00:00:06 . Memory (MB): peak = 2068.730 ; gain = 0.000
close_sim
WARNING: [filemgmt 56-199] Attempt to get parsing info during refresh. "On-the-fly" syntax checking information may be incorrect. [C:\vivadoproject\project_32\project_32.srcs\sources_1\new\a.v:]
WARNING: [filemgmt 56-199] Attempt to get parsing info during refresh. "On-the-fly" syntax checking information may be incorrect. [C:\vivadoproject\project_32\project_32.srcs\sim_1\new\w.v:]
WARNING: [filemgmt 56-199] Attempt to get parsing info during refresh. "On-the-fly" syntax checking information may be incorrect. [C:\vivadoproject\project_32\project_32.srcs\sim_1\new\w.v:]
WARNING: [filemgmt 56-199] Attempt to get parsing info during refresh. "On-the-fly" syntax checking information may be incorrect. [C:\vivadoproject\project_32\project_32.srcs\sim_1\new\w.v:]
INFO: [Simtcl 6-16] Simulation closed
ERROR: [Common 17-180] Spawn failed: No error
launch_simulation
Command: launch_simulation 
INFO: [Vivado 12-12493] Simulation top is 'tb_output1'
WARNING: [Vivado 12-13340] Unable to auto find GCC executables from simulator install path! (path not set)
INFO: [Vivado 12-5682] Launching behavioral simulation in 'C:/vivadoproject/project_32/project_32.sim/sim_1/behav/xsim'
INFO: [SIM-utils-51] Simulation object is 'sim_1'
INFO: [SIM-utils-72] Using boost library from 'C:/Xilinx/Vivado/2024.1/tps/boost_1_72_0'
INFO: [SIM-utils-54] Inspecting design source files for 'tb_output1' in fileset 'sim_1'...
INFO: [USF-XSim-97] Finding global include files...
INFO: [USF-XSim-98] Fetching design files from 'sim_1'...
INFO: [USF-XSim-2] XSim::Compile design
INFO: [USF-XSim-61] Executing 'COMPILE and ANALYZE' step in 'C:/vivadoproject/project_32/project_32.sim/sim_1/behav/xsim'
"xvlog --incr --relax -prj tb_output1_vlog.prj"
INFO: [VRFC 10-2263] Analyzing Verilog file "C:/vivadoproject/project_32/project_32.srcs/sources_1/new/a.v" into library xil_defaultlib
INFO: [VRFC 10-311] analyzing module bcd_up
INFO: [VRFC 10-2263] Analyzing Verilog file "C:/vivadoproject/project_32/project_32.srcs/sim_1/new/w.v" into library xil_defaultlib
INFO: [VRFC 10-311] analyzing module tb_output1
INFO: [USF-XSim-69] 'compile' step finished in '2' seconds
INFO: [USF-XSim-3] XSim::Elaborate design
INFO: [USF-XSim-61] Executing 'ELABORATE' step in 'C:/vivadoproject/project_32/project_32.sim/sim_1/behav/xsim'
"xelab --incr --debug typical --relax --mt 2 -L xil_defaultlib -L unisims_ver -L unimacro_ver -L secureip --snapshot tb_output1_behav xil_defaultlib.tb_output1 xil_defaultlib.glbl -log elaborate.log"
Vivado Simulator v2024.1
Copyright 1986-2022 Xilinx, Inc. All Rights Reserved.
Copyright 2022-2024 Advanced Micro Devices, Inc. All Rights Reserved.
Running: C:/Xilinx/Vivado/2024.1/bin/unwrapped/win64.o/xelab.exe --incr --debug typical --relax --mt 2 -L xil_defaultlib -L unisims_ver -L unimacro_ver -L secureip --snapshot tb_output1_behav xil_defaultlib.tb_output1 xil_defaultlib.glbl -log elaborate.log 
Using 2 slave threads.
Starting static elaboration
Pass Through NonSizing Optimizer
Completed static elaboration
Starting simulation data flow analysis
WARNING: [XSIM 43-4099] "C:/vivadoproject/project_32/project_32.srcs/sources_1/new/a.v" Line 1. Module bcd_up doesn't have a timescale but at least one module in design has a timescale.
WARNING: [XSIM 43-4099] "C:/vivadoproject/project_32/project_32.srcs/sources_1/new/a.v" Line 1. Module bcd_up doesn't have a timescale but at least one module in design has a timescale.
Completed simulation data flow analysis
Time Resolution for simulation is 1ps
Compiling module xil_defaultlib.bcd_up
Compiling module xil_defaultlib.tb_output1
Compiling module xil_defaultlib.glbl
Built simulation snapshot tb_output1_behav
INFO: [USF-XSim-69] 'elaborate' step finished in '2' seconds
INFO: [USF-XSim-4] XSim::Simulate design
INFO: [USF-XSim-61] Executing 'SIMULATE' step in 'C:/vivadoproject/project_32/project_32.sim/sim_1/behav/xsim'
INFO: [USF-XSim-98] *** Running xsim
   with args "tb_output1_behav -key {Behavioral:sim_1:Functional:tb_output1} -tclbatch {tb_output1.tcl} -log {simulate.log}"
INFO: [USF-XSim-8] Loading simulator feature
Time resolution is 1 ps
source tb_output1.tcl
# set curr_wave [current_wave_config]
# if { [string length $curr_wave] == 0 } {
#   if { [llength [get_objects]] > 0} {
#     add_wave /
#     set_property needs_save false [current_wave_config]
#   } else {
#      send_msg_id Add_Wave-1 WARNING "No top level signals found. Simulator will start without a wave window. If you want to open a wave window go to 'File->New Waveform Configuration' or type 'create_wave_config' in the TCL console."
#   }
# }
# run 1000ns
INFO: [USF-XSim-96] XSim completed. Design snapshot 'tb_output1_behav' loaded.
INFO: [USF-XSim-97] XSim simulation ran for 1000ns
launch_simulation: Time (s): cpu = 00:00:02 ; elapsed = 00:00:08 . Memory (MB): peak = 2068.730 ; gain = 0.000
close_sim
WARNING: [filemgmt 56-199] Attempt to get parsing info during refresh. "On-the-fly" syntax checking information may be incorrect. [C:\vivadoproject\project_32\project_32.srcs\sources_1\new\a.v:]
WARNING: [filemgmt 56-199] Attempt to get parsing info during refresh. "On-the-fly" syntax checking information may be incorrect. [C:\vivadoproject\project_32\project_32.srcs\sim_1\new\w.v:]
WARNING: [filemgmt 56-199] Attempt to get parsing info during refresh. "On-the-fly" syntax checking information may be incorrect. [C:\vivadoproject\project_32\project_32.srcs\sim_1\new\w.v:]
WARNING: [filemgmt 56-199] Attempt to get parsing info during refresh. "On-the-fly" syntax checking information may be incorrect. [C:\vivadoproject\project_32\project_32.srcs\sim_1\new\w.v:]
INFO: [Simtcl 6-16] Simulation closed
ERROR: [Common 17-180] Spawn failed: No error
launch_simulation
Command: launch_simulation 
INFO: [Vivado 12-12493] Simulation top is 'tb_output1'
WARNING: [Vivado 12-13340] Unable to auto find GCC executables from simulator install path! (path not set)
INFO: [Vivado 12-5682] Launching behavioral simulation in 'C:/vivadoproject/project_32/project_32.sim/sim_1/behav/xsim'
INFO: [SIM-utils-51] Simulation object is 'sim_1'
INFO: [SIM-utils-72] Using boost library from 'C:/Xilinx/Vivado/2024.1/tps/boost_1_72_0'
INFO: [SIM-utils-54] Inspecting design source files for 'tb_output1' in fileset 'sim_1'...
INFO: [USF-XSim-97] Finding global include files...
INFO: [USF-XSim-98] Fetching design files from 'sim_1'...
INFO: [USF-XSim-2] XSim::Compile design
INFO: [USF-XSim-61] Executing 'COMPILE and ANALYZE' step in 'C:/vivadoproject/project_32/project_32.sim/sim_1/behav/xsim'
"xvlog --incr --relax -prj tb_output1_vlog.prj"
INFO: [VRFC 10-2263] Analyzing Verilog file "C:/vivadoproject/project_32/project_32.srcs/sources_1/new/a.v" into library xil_defaultlib
INFO: [VRFC 10-311] analyzing module bcd_up
INFO: [VRFC 10-2263] Analyzing Verilog file "C:/vivadoproject/project_32/project_32.srcs/sim_1/new/w.v" into library xil_defaultlib
INFO: [VRFC 10-311] analyzing module tb_output1
INFO: [USF-XSim-69] 'compile' step finished in '2' seconds
INFO: [USF-XSim-3] XSim::Elaborate design
INFO: [USF-XSim-61] Executing 'ELABORATE' step in 'C:/vivadoproject/project_32/project_32.sim/sim_1/behav/xsim'
"xelab --incr --debug typical --relax --mt 2 -L xil_defaultlib -L unisims_ver -L unimacro_ver -L secureip --snapshot tb_output1_behav xil_defaultlib.tb_output1 xil_defaultlib.glbl -log elaborate.log"
Vivado Simulator v2024.1
Copyright 1986-2022 Xilinx, Inc. All Rights Reserved.
Copyright 2022-2024 Advanced Micro Devices, Inc. All Rights Reserved.
Running: C:/Xilinx/Vivado/2024.1/bin/unwrapped/win64.o/xelab.exe --incr --debug typical --relax --mt 2 -L xil_defaultlib -L unisims_ver -L unimacro_ver -L secureip --snapshot tb_output1_behav xil_defaultlib.tb_output1 xil_defaultlib.glbl -log elaborate.log 
Using 2 slave threads.
Starting static elaboration
Pass Through NonSizing Optimizer
Completed static elaboration
Starting simulation data flow analysis
WARNING: [XSIM 43-4099] "C:/vivadoproject/project_32/project_32.srcs/sources_1/new/a.v" Line 1. Module bcd_up doesn't have a timescale but at least one module in design has a timescale.
WARNING: [XSIM 43-4099] "C:/vivadoproject/project_32/project_32.srcs/sources_1/new/a.v" Line 1. Module bcd_up doesn't have a timescale but at least one module in design has a timescale.
Completed simulation data flow analysis
Time Resolution for simulation is 1ps
Compiling module xil_defaultlib.bcd_up
Compiling module xil_defaultlib.tb_output1
Compiling module xil_defaultlib.glbl
Built simulation snapshot tb_output1_behav
INFO: [USF-XSim-69] 'elaborate' step finished in '2' seconds
INFO: [USF-XSim-4] XSim::Simulate design
INFO: [USF-XSim-61] Executing 'SIMULATE' step in 'C:/vivadoproject/project_32/project_32.sim/sim_1/behav/xsim'
INFO: [USF-XSim-98] *** Running xsim
   with args "tb_output1_behav -key {Behavioral:sim_1:Functional:tb_output1} -tclbatch {tb_output1.tcl} -log {simulate.log}"
INFO: [USF-XSim-8] Loading simulator feature
Time resolution is 1 ps
source tb_output1.tcl
# set curr_wave [current_wave_config]
# if { [string length $curr_wave] == 0 } {
#   if { [llength [get_objects]] > 0} {
#     add_wave /
#     set_property needs_save false [current_wave_config]
#   } else {
#      send_msg_id Add_Wave-1 WARNING "No top level signals found. Simulator will start without a wave window. If you want to open a wave window go to 'File->New Waveform Configuration' or type 'create_wave_config' in the TCL console."
#   }
# }
# run 1000ns
INFO: [USF-XSim-96] XSim completed. Design snapshot 'tb_output1_behav' loaded.
INFO: [USF-XSim-97] XSim simulation ran for 1000ns
launch_simulation: Time (s): cpu = 00:00:01 ; elapsed = 00:00:07 . Memory (MB): peak = 2293.246 ; gain = 0.000
WARNING: [filemgmt 56-199] Attempt to get parsing info during refresh. "On-the-fly" syntax checking information may be incorrect. [C:\vivadoproject\project_32\project_32.srcs\sources_1\new\a.v:]
WARNING: [filemgmt 56-199] Attempt to get parsing info during refresh. "On-the-fly" syntax checking information may be incorrect. [C:\vivadoproject\project_32\project_32.srcs\sim_1\new\w.v:]
WARNING: [filemgmt 56-199] Attempt to get parsing info during refresh. "On-the-fly" syntax checking information may be incorrect. [C:\vivadoproject\project_32\project_32.srcs\sim_1\new\w.v:]
WARNING: [filemgmt 56-199] Attempt to get parsing info during refresh. "On-the-fly" syntax checking information may be incorrect. [C:\vivadoproject\project_32\project_32.srcs\sim_1\new\w.v:]
ERROR: [Common 17-180] Spawn failed: No error
close_sim
INFO: [Simtcl 6-16] Simulation closed
launch_simulation
Command: launch_simulation 
INFO: [Vivado 12-12493] Simulation top is 'tb_output1'
WARNING: [Vivado 12-13340] Unable to auto find GCC executables from simulator install path! (path not set)
INFO: [Vivado 12-5682] Launching behavioral simulation in 'C:/vivadoproject/project_32/project_32.sim/sim_1/behav/xsim'
INFO: [SIM-utils-51] Simulation object is 'sim_1'
INFO: [SIM-utils-72] Using boost library from 'C:/Xilinx/Vivado/2024.1/tps/boost_1_72_0'
INFO: [SIM-utils-54] Inspecting design source files for 'tb_output1' in fileset 'sim_1'...
INFO: [USF-XSim-97] Finding global include files...
INFO: [USF-XSim-98] Fetching design files from 'sim_1'...
INFO: [USF-XSim-2] XSim::Compile design
INFO: [USF-XSim-61] Executing 'COMPILE and ANALYZE' step in 'C:/vivadoproject/project_32/project_32.sim/sim_1/behav/xsim'
"xvlog --incr --relax -prj tb_output1_vlog.prj"
INFO: [VRFC 10-2263] Analyzing Verilog file "C:/vivadoproject/project_32/project_32.srcs/sources_1/new/a.v" into library xil_defaultlib
INFO: [VRFC 10-311] analyzing module bcd_up
INFO: [VRFC 10-2263] Analyzing Verilog file "C:/vivadoproject/project_32/project_32.srcs/sim_1/new/w.v" into library xil_defaultlib
INFO: [VRFC 10-311] analyzing module tb_output1
INFO: [USF-XSim-69] 'compile' step finished in '2' seconds
INFO: [USF-XSim-3] XSim::Elaborate design
INFO: [USF-XSim-61] Executing 'ELABORATE' step in 'C:/vivadoproject/project_32/project_32.sim/sim_1/behav/xsim'
"xelab --incr --debug typical --relax --mt 2 -L xil_defaultlib -L unisims_ver -L unimacro_ver -L secureip --snapshot tb_output1_behav xil_defaultlib.tb_output1 xil_defaultlib.glbl -log elaborate.log"
Vivado Simulator v2024.1
Copyright 1986-2022 Xilinx, Inc. All Rights Reserved.
Copyright 2022-2024 Advanced Micro Devices, Inc. All Rights Reserved.
Running: C:/Xilinx/Vivado/2024.1/bin/unwrapped/win64.o/xelab.exe --incr --debug typical --relax --mt 2 -L xil_defaultlib -L unisims_ver -L unimacro_ver -L secureip --snapshot tb_output1_behav xil_defaultlib.tb_output1 xil_defaultlib.glbl -log elaborate.log 
Using 2 slave threads.
Starting static elaboration
Pass Through NonSizing Optimizer
Completed static elaboration
Starting simulation data flow analysis
WARNING: [XSIM 43-4099] "C:/vivadoproject/project_32/project_32.srcs/sources_1/new/a.v" Line 1. Module bcd_up doesn't have a timescale but at least one module in design has a timescale.
WARNING: [XSIM 43-4099] "C:/vivadoproject/project_32/project_32.srcs/sources_1/new/a.v" Line 1. Module bcd_up doesn't have a timescale but at least one module in design has a timescale.
Completed simulation data flow analysis
Time Resolution for simulation is 1ps
Compiling module xil_defaultlib.bcd_up
Compiling module xil_defaultlib.tb_output1
Compiling module xil_defaultlib.glbl
Built simulation snapshot tb_output1_behav
INFO: [USF-XSim-69] 'elaborate' step finished in '1' seconds
INFO: [USF-XSim-4] XSim::Simulate design
INFO: [USF-XSim-61] Executing 'SIMULATE' step in 'C:/vivadoproject/project_32/project_32.sim/sim_1/behav/xsim'
INFO: [USF-XSim-98] *** Running xsim
   with args "tb_output1_behav -key {Behavioral:sim_1:Functional:tb_output1} -tclbatch {tb_output1.tcl} -log {simulate.log}"
INFO: [USF-XSim-8] Loading simulator feature
Time resolution is 1 ps
source tb_output1.tcl
# set curr_wave [current_wave_config]
# if { [string length $curr_wave] == 0 } {
#   if { [llength [get_objects]] > 0} {
#     add_wave /
#     set_property needs_save false [current_wave_config]
#   } else {
#      send_msg_id Add_Wave-1 WARNING "No top level signals found. Simulator will start without a wave window. If you want to open a wave window go to 'File->New Waveform Configuration' or type 'create_wave_config' in the TCL console."
#   }
# }
# run 1000ns
INFO: [USF-XSim-96] XSim completed. Design snapshot 'tb_output1_behav' loaded.
INFO: [USF-XSim-97] XSim simulation ran for 1000ns
WARNING: [filemgmt 56-199] Attempt to get parsing info during refresh. "On-the-fly" syntax checking information may be incorrect. [C:\vivadoproject\project_32\project_32.srcs\sources_1\new\a.v:]
WARNING: [filemgmt 56-199] Attempt to get parsing info during refresh. "On-the-fly" syntax checking information may be incorrect. [C:\vivadoproject\project_32\project_32.srcs\sim_1\new\w.v:]
WARNING: [filemgmt 56-199] Attempt to get parsing info during refresh. "On-the-fly" syntax checking information may be incorrect. [C:\vivadoproject\project_32\project_32.srcs\sim_1\new\w.v:]
WARNING: [filemgmt 56-199] Attempt to get parsing info during refresh. "On-the-fly" syntax checking information may be incorrect. [C:\vivadoproject\project_32\project_32.srcs\sim_1\new\w.v:]
ERROR: [Common 17-180] Spawn failed: No error
WARNING: [filemgmt 56-199] Attempt to get parsing info during refresh. "On-the-fly" syntax checking information may be incorrect. [C:\vivadoproject\project_32\project_32.srcs\sources_1\new\a.v:]
WARNING: [filemgmt 56-199] Attempt to get parsing info during refresh. "On-the-fly" syntax checking information may be incorrect. [C:\vivadoproject\project_32\project_32.srcs\sim_1\new\w.v:]
WARNING: [filemgmt 56-199] Attempt to get parsing info during refresh. "On-the-fly" syntax checking information may be incorrect. [C:\vivadoproject\project_32\project_32.srcs\sim_1\new\w.v:]
WARNING: [filemgmt 56-199] Attempt to get parsing info during refresh. "On-the-fly" syntax checking information may be incorrect. [C:\vivadoproject\project_32\project_32.srcs\sim_1\new\w.v:]
ERROR: [Common 17-180] Spawn failed: No error
close_sim
WARNING: [filemgmt 56-199] Attempt to get parsing info during refresh. "On-the-fly" syntax checking information may be incorrect. [C:\vivadoproject\project_32\project_32.srcs\sources_1\new\a.v:]
WARNING: [filemgmt 56-199] Attempt to get parsing info during refresh. "On-the-fly" syntax checking information may be incorrect. [C:\vivadoproject\project_32\project_32.srcs\sim_1\new\w.v:]
WARNING: [filemgmt 56-199] Attempt to get parsing info during refresh. "On-the-fly" syntax checking information may be incorrect. [C:\vivadoproject\project_32\project_32.srcs\sim_1\new\w.v:]
WARNING: [filemgmt 56-199] Attempt to get parsing info during refresh. "On-the-fly" syntax checking information may be incorrect. [C:\vivadoproject\project_32\project_32.srcs\sim_1\new\w.v:]
INFO: [Simtcl 6-16] Simulation closed
ERROR: [Common 17-180] Spawn failed: No error
launch_simulation
Command: launch_simulation 
INFO: [Vivado 12-12493] Simulation top is 'tb_output1'
WARNING: [Vivado 12-13340] Unable to auto find GCC executables from simulator install path! (path not set)
INFO: [Vivado 12-5682] Launching behavioral simulation in 'C:/vivadoproject/project_32/project_32.sim/sim_1/behav/xsim'
INFO: [SIM-utils-51] Simulation object is 'sim_1'
INFO: [SIM-utils-72] Using boost library from 'C:/Xilinx/Vivado/2024.1/tps/boost_1_72_0'
INFO: [SIM-utils-54] Inspecting design source files for 'tb_output1' in fileset 'sim_1'...
INFO: [USF-XSim-97] Finding global include files...
INFO: [USF-XSim-98] Fetching design files from 'sim_1'...
INFO: [USF-XSim-2] XSim::Compile design
INFO: [USF-XSim-61] Executing 'COMPILE and ANALYZE' step in 'C:/vivadoproject/project_32/project_32.sim/sim_1/behav/xsim'
"xvlog --incr --relax -prj tb_output1_vlog.prj"
INFO: [VRFC 10-2263] Analyzing Verilog file "C:/vivadoproject/project_32/project_32.srcs/sources_1/new/a.v" into library xil_defaultlib
INFO: [VRFC 10-311] analyzing module bcd_up
INFO: [VRFC 10-2263] Analyzing Verilog file "C:/vivadoproject/project_32/project_32.srcs/sim_1/new/w.v" into library xil_defaultlib
INFO: [VRFC 10-311] analyzing module tb_output1
INFO: [USF-XSim-69] 'compile' step finished in '1' seconds
INFO: [USF-XSim-3] XSim::Elaborate design
INFO: [USF-XSim-61] Executing 'ELABORATE' step in 'C:/vivadoproject/project_32/project_32.sim/sim_1/behav/xsim'
"xelab --incr --debug typical --relax --mt 2 -L xil_defaultlib -L unisims_ver -L unimacro_ver -L secureip --snapshot tb_output1_behav xil_defaultlib.tb_output1 xil_defaultlib.glbl -log elaborate.log"
Vivado Simulator v2024.1
Copyright 1986-2022 Xilinx, Inc. All Rights Reserved.
Copyright 2022-2024 Advanced Micro Devices, Inc. All Rights Reserved.
Running: C:/Xilinx/Vivado/2024.1/bin/unwrapped/win64.o/xelab.exe --incr --debug typical --relax --mt 2 -L xil_defaultlib -L unisims_ver -L unimacro_ver -L secureip --snapshot tb_output1_behav xil_defaultlib.tb_output1 xil_defaultlib.glbl -log elaborate.log 
Using 2 slave threads.
Starting static elaboration
Pass Through NonSizing Optimizer
Completed static elaboration
Starting simulation data flow analysis
WARNING: [XSIM 43-4099] "C:/vivadoproject/project_32/project_32.srcs/sources_1/new/a.v" Line 1. Module bcd_up doesn't have a timescale but at least one module in design has a timescale.
WARNING: [XSIM 43-4099] "C:/vivadoproject/project_32/project_32.srcs/sources_1/new/a.v" Line 1. Module bcd_up doesn't have a timescale but at least one module in design has a timescale.
Completed simulation data flow analysis
Time Resolution for simulation is 1ps
Compiling module xil_defaultlib.bcd_up
Compiling module xil_defaultlib.tb_output1
Compiling module xil_defaultlib.glbl
Built simulation snapshot tb_output1_behav
INFO: [USF-XSim-69] 'elaborate' step finished in '2' seconds
INFO: [USF-XSim-4] XSim::Simulate design
INFO: [USF-XSim-61] Executing 'SIMULATE' step in 'C:/vivadoproject/project_32/project_32.sim/sim_1/behav/xsim'
INFO: [USF-XSim-98] *** Running xsim
   with args "tb_output1_behav -key {Behavioral:sim_1:Functional:tb_output1} -tclbatch {tb_output1.tcl} -log {simulate.log}"
INFO: [USF-XSim-8] Loading simulator feature
Time resolution is 1 ps
source tb_output1.tcl
# set curr_wave [current_wave_config]
# if { [string length $curr_wave] == 0 } {
#   if { [llength [get_objects]] > 0} {
#     add_wave /
#     set_property needs_save false [current_wave_config]
#   } else {
#      send_msg_id Add_Wave-1 WARNING "No top level signals found. Simulator will start without a wave window. If you want to open a wave window go to 'File->New Waveform Configuration' or type 'create_wave_config' in the TCL console."
#   }
# }
# run 1000ns
INFO: [USF-XSim-96] XSim completed. Design snapshot 'tb_output1_behav' loaded.
INFO: [USF-XSim-97] XSim simulation ran for 1000ns
launch_simulation: Time (s): cpu = 00:00:00 ; elapsed = 00:00:06 . Memory (MB): peak = 2677.328 ; gain = 0.000
close_sim
WARNING: [filemgmt 56-199] Attempt to get parsing info during refresh. "On-the-fly" syntax checking information may be incorrect. [C:\vivadoproject\project_32\project_32.srcs\sources_1\new\a.v:]
WARNING: [filemgmt 56-199] Attempt to get parsing info during refresh. "On-the-fly" syntax checking information may be incorrect. [C:\vivadoproject\project_32\project_32.srcs\sim_1\new\w.v:]
WARNING: [filemgmt 56-199] Attempt to get parsing info during refresh. "On-the-fly" syntax checking information may be incorrect. [C:\vivadoproject\project_32\project_32.srcs\sim_1\new\w.v:]
WARNING: [filemgmt 56-199] Attempt to get parsing info during refresh. "On-the-fly" syntax checking information may be incorrect. [C:\vivadoproject\project_32\project_32.srcs\sim_1\new\w.v:]
INFO: [Simtcl 6-16] Simulation closed
ERROR: [Common 17-180] Spawn failed: No error
launch_simulation
Command: launch_simulation 
INFO: [Vivado 12-12493] Simulation top is 'tb_output1'
WARNING: [Vivado 12-13340] Unable to auto find GCC executables from simulator install path! (path not set)
INFO: [Vivado 12-5682] Launching behavioral simulation in 'C:/vivadoproject/project_32/project_32.sim/sim_1/behav/xsim'
INFO: [SIM-utils-51] Simulation object is 'sim_1'
INFO: [SIM-utils-72] Using boost library from 'C:/Xilinx/Vivado/2024.1/tps/boost_1_72_0'
INFO: [SIM-utils-54] Inspecting design source files for 'tb_output1' in fileset 'sim_1'...
INFO: [USF-XSim-97] Finding global include files...
INFO: [USF-XSim-98] Fetching design files from 'sim_1'...
INFO: [USF-XSim-2] XSim::Compile design
INFO: [USF-XSim-61] Executing 'COMPILE and ANALYZE' step in 'C:/vivadoproject/project_32/project_32.sim/sim_1/behav/xsim'
"xvlog --incr --relax -prj tb_output1_vlog.prj"
INFO: [VRFC 10-2263] Analyzing Verilog file "C:/vivadoproject/project_32/project_32.srcs/sources_1/new/a.v" into library xil_defaultlib
INFO: [VRFC 10-311] analyzing module bcd_up
INFO: [VRFC 10-2263] Analyzing Verilog file "C:/vivadoproject/project_32/project_32.srcs/sim_1/new/w.v" into library xil_defaultlib
INFO: [VRFC 10-311] analyzing module tb_output1
INFO: [USF-XSim-69] 'compile' step finished in '1' seconds
INFO: [USF-XSim-3] XSim::Elaborate design
INFO: [USF-XSim-61] Executing 'ELABORATE' step in 'C:/vivadoproject/project_32/project_32.sim/sim_1/behav/xsim'
"xelab --incr --debug typical --relax --mt 2 -L xil_defaultlib -L unisims_ver -L unimacro_ver -L secureip --snapshot tb_output1_behav xil_defaultlib.tb_output1 xil_defaultlib.glbl -log elaborate.log"
Vivado Simulator v2024.1
Copyright 1986-2022 Xilinx, Inc. All Rights Reserved.
Copyright 2022-2024 Advanced Micro Devices, Inc. All Rights Reserved.
Running: C:/Xilinx/Vivado/2024.1/bin/unwrapped/win64.o/xelab.exe --incr --debug typical --relax --mt 2 -L xil_defaultlib -L unisims_ver -L unimacro_ver -L secureip --snapshot tb_output1_behav xil_defaultlib.tb_output1 xil_defaultlib.glbl -log elaborate.log 
Using 2 slave threads.
Starting static elaboration
Pass Through NonSizing Optimizer
Completed static elaboration
Starting simulation data flow analysis
WARNING: [XSIM 43-4099] "C:/vivadoproject/project_32/project_32.srcs/sources_1/new/a.v" Line 1. Module bcd_up doesn't have a timescale but at least one module in design has a timescale.
WARNING: [XSIM 43-4099] "C:/vivadoproject/project_32/project_32.srcs/sources_1/new/a.v" Line 1. Module bcd_up doesn't have a timescale but at least one module in design has a timescale.
Completed simulation data flow analysis
Time Resolution for simulation is 1ps
Compiling module xil_defaultlib.bcd_up
Compiling module xil_defaultlib.tb_output1
Compiling module xil_defaultlib.glbl
Built simulation snapshot tb_output1_behav
INFO: [USF-XSim-69] 'elaborate' step finished in '2' seconds
INFO: [USF-XSim-4] XSim::Simulate design
INFO: [USF-XSim-61] Executing 'SIMULATE' step in 'C:/vivadoproject/project_32/project_32.sim/sim_1/behav/xsim'
INFO: [USF-XSim-98] *** Running xsim
   with args "tb_output1_behav -key {Behavioral:sim_1:Functional:tb_output1} -tclbatch {tb_output1.tcl} -log {simulate.log}"
INFO: [USF-XSim-8] Loading simulator feature
Time resolution is 1 ps
source tb_output1.tcl
# set curr_wave [current_wave_config]
# if { [string length $curr_wave] == 0 } {
#   if { [llength [get_objects]] > 0} {
#     add_wave /
#     set_property needs_save false [current_wave_config]
#   } else {
#      send_msg_id Add_Wave-1 WARNING "No top level signals found. Simulator will start without a wave window. If you want to open a wave window go to 'File->New Waveform Configuration' or type 'create_wave_config' in the TCL console."
#   }
# }
# run 1000ns
INFO: [USF-XSim-96] XSim completed. Design snapshot 'tb_output1_behav' loaded.
INFO: [USF-XSim-97] XSim simulation ran for 1000ns
launch_simulation: Time (s): cpu = 00:00:01 ; elapsed = 00:00:06 . Memory (MB): peak = 2677.328 ; gain = 0.000
close_sim
WARNING: [filemgmt 56-199] Attempt to get parsing info during refresh. "On-the-fly" syntax checking information may be incorrect. [C:\vivadoproject\project_32\project_32.srcs\sources_1\new\a.v:]
WARNING: [filemgmt 56-199] Attempt to get parsing info during refresh. "On-the-fly" syntax checking information may be incorrect. [C:\vivadoproject\project_32\project_32.srcs\sim_1\new\w.v:]
WARNING: [filemgmt 56-199] Attempt to get parsing info during refresh. "On-the-fly" syntax checking information may be incorrect. [C:\vivadoproject\project_32\project_32.srcs\sim_1\new\w.v:]
WARNING: [filemgmt 56-199] Attempt to get parsing info during refresh. "On-the-fly" syntax checking information may be incorrect. [C:\vivadoproject\project_32\project_32.srcs\sim_1\new\w.v:]
WARNING: [filemgmt 56-199] Attempt to get parsing info during refresh. "On-the-fly" syntax checking information may be incorrect. [C:\vivadoproject\project_32\project_32.srcs\sources_1\new\a.v:]
WARNING: [filemgmt 56-199] Attempt to get parsing info during refresh. "On-the-fly" syntax checking information may be incorrect. [C:\vivadoproject\project_32\project_32.srcs\sim_1\new\w.v:]
WARNING: [filemgmt 56-199] Attempt to get parsing info during refresh. "On-the-fly" syntax checking information may be incorrect. [C:\vivadoproject\project_32\project_32.srcs\sim_1\new\w.v:]
WARNING: [filemgmt 56-199] Attempt to get parsing info during refresh. "On-the-fly" syntax checking information may be incorrect. [C:\vivadoproject\project_32\project_32.srcs\sim_1\new\w.v:]
INFO: [Simtcl 6-16] Simulation closed
ERROR: [Common 17-180] Spawn failed: No error
WARNING: [filemgmt 56-199] Attempt to get parsing info during refresh. "On-the-fly" syntax checking information may be incorrect. [C:\vivadoproject\project_32\project_32.srcs\sources_1\new\a.v:]
WARNING: [filemgmt 56-199] Attempt to get parsing info during refresh. "On-the-fly" syntax checking information may be incorrect. [C:\vivadoproject\project_32\project_32.srcs\sim_1\new\w.v:]
WARNING: [filemgmt 56-199] Attempt to get parsing info during refresh. "On-the-fly" syntax checking information may be incorrect. [C:\vivadoproject\project_32\project_32.srcs\sources_1\new\a.v:]
WARNING: [filemgmt 56-199] Attempt to get parsing info during refresh. "On-the-fly" syntax checking information may be incorrect. [C:\vivadoproject\project_32\project_32.srcs\sources_1\new\a.v:]
ERROR: [Common 17-180] Spawn failed: No error
launch_simulation
Command: launch_simulation 
INFO: [Vivado 12-12493] Simulation top is 'tb_output1'
WARNING: [Vivado 12-13340] Unable to auto find GCC executables from simulator install path! (path not set)
INFO: [Vivado 12-5682] Launching behavioral simulation in 'C:/vivadoproject/project_32/project_32.sim/sim_1/behav/xsim'
INFO: [SIM-utils-51] Simulation object is 'sim_1'
INFO: [SIM-utils-72] Using boost library from 'C:/Xilinx/Vivado/2024.1/tps/boost_1_72_0'
INFO: [SIM-utils-54] Inspecting design source files for 'tb_output1' in fileset 'sim_1'...
INFO: [USF-XSim-97] Finding global include files...
INFO: [USF-XSim-98] Fetching design files from 'sim_1'...
INFO: [USF-XSim-2] XSim::Compile design
INFO: [USF-XSim-61] Executing 'COMPILE and ANALYZE' step in 'C:/vivadoproject/project_32/project_32.sim/sim_1/behav/xsim'
"xvlog --incr --relax -prj tb_output1_vlog.prj"
INFO: [VRFC 10-2263] Analyzing Verilog file "C:/vivadoproject/project_32/project_32.srcs/sources_1/new/a.v" into library xil_defaultlib
INFO: [VRFC 10-311] analyzing module bcd_up
INFO: [VRFC 10-2263] Analyzing Verilog file "C:/vivadoproject/project_32/project_32.srcs/sim_1/new/w.v" into library xil_defaultlib
INFO: [VRFC 10-311] analyzing module tb_output1
INFO: [USF-XSim-69] 'compile' step finished in '1' seconds
INFO: [USF-XSim-3] XSim::Elaborate design
INFO: [USF-XSim-61] Executing 'ELABORATE' step in 'C:/vivadoproject/project_32/project_32.sim/sim_1/behav/xsim'
"xelab --incr --debug typical --relax --mt 2 -L xil_defaultlib -L unisims_ver -L unimacro_ver -L secureip --snapshot tb_output1_behav xil_defaultlib.tb_output1 xil_defaultlib.glbl -log elaborate.log"
Vivado Simulator v2024.1
Copyright 1986-2022 Xilinx, Inc. All Rights Reserved.
Copyright 2022-2024 Advanced Micro Devices, Inc. All Rights Reserved.
Running: C:/Xilinx/Vivado/2024.1/bin/unwrapped/win64.o/xelab.exe --incr --debug typical --relax --mt 2 -L xil_defaultlib -L unisims_ver -L unimacro_ver -L secureip --snapshot tb_output1_behav xil_defaultlib.tb_output1 xil_defaultlib.glbl -log elaborate.log 
Using 2 slave threads.
Starting static elaboration
Pass Through NonSizing Optimizer
Completed static elaboration
Starting simulation data flow analysis
WARNING: [XSIM 43-4099] "C:/vivadoproject/project_32/project_32.srcs/sources_1/new/a.v" Line 1. Module bcd_up doesn't have a timescale but at least one module in design has a timescale.
WARNING: [XSIM 43-4099] "C:/vivadoproject/project_32/project_32.srcs/sources_1/new/a.v" Line 1. Module bcd_up doesn't have a timescale but at least one module in design has a timescale.
Completed simulation data flow analysis
Time Resolution for simulation is 1ps
Compiling module xil_defaultlib.bcd_up
Compiling module xil_defaultlib.tb_output1
Compiling module xil_defaultlib.glbl
Built simulation snapshot tb_output1_behav
INFO: [USF-XSim-69] 'elaborate' step finished in '1' seconds
INFO: [USF-XSim-4] XSim::Simulate design
INFO: [USF-XSim-61] Executing 'SIMULATE' step in 'C:/vivadoproject/project_32/project_32.sim/sim_1/behav/xsim'
INFO: [USF-XSim-98] *** Running xsim
   with args "tb_output1_behav -key {Behavioral:sim_1:Functional:tb_output1} -tclbatch {tb_output1.tcl} -log {simulate.log}"
INFO: [USF-XSim-8] Loading simulator feature
Time resolution is 1 ps
source tb_output1.tcl
# set curr_wave [current_wave_config]
# if { [string length $curr_wave] == 0 } {
#   if { [llength [get_objects]] > 0} {
#     add_wave /
#     set_property needs_save false [current_wave_config]
#   } else {
#      send_msg_id Add_Wave-1 WARNING "No top level signals found. Simulator will start without a wave window. If you want to open a wave window go to 'File->New Waveform Configuration' or type 'create_wave_config' in the TCL console."
#   }
# }
# run 1000ns
INFO: [USF-XSim-96] XSim completed. Design snapshot 'tb_output1_behav' loaded.
INFO: [USF-XSim-97] XSim simulation ran for 1000ns
launch_simulation: Time (s): cpu = 00:00:01 ; elapsed = 00:00:06 . Memory (MB): peak = 2688.801 ; gain = 0.000
close_sim
WARNING: [filemgmt 56-199] Attempt to get parsing info during refresh. "On-the-fly" syntax checking information may be incorrect. [C:\vivadoproject\project_32\project_32.srcs\sources_1\new\a.v:]
WARNING: [filemgmt 56-199] Attempt to get parsing info during refresh. "On-the-fly" syntax checking information may be incorrect. [C:\vivadoproject\project_32\project_32.srcs\sim_1\new\w.v:]
WARNING: [filemgmt 56-199] Attempt to get parsing info during refresh. "On-the-fly" syntax checking information may be incorrect. [C:\vivadoproject\project_32\project_32.srcs\sim_1\new\w.v:]
WARNING: [filemgmt 56-199] Attempt to get parsing info during refresh. "On-the-fly" syntax checking information may be incorrect. [C:\vivadoproject\project_32\project_32.srcs\sim_1\new\w.v:]
INFO: [Simtcl 6-16] Simulation closed
ERROR: [Common 17-180] Spawn failed: No error
launch_simulation
Command: launch_simulation 
INFO: [Vivado 12-12493] Simulation top is 'tb_output1'
WARNING: [Vivado 12-13340] Unable to auto find GCC executables from simulator install path! (path not set)
INFO: [Vivado 12-5682] Launching behavioral simulation in 'C:/vivadoproject/project_32/project_32.sim/sim_1/behav/xsim'
INFO: [SIM-utils-51] Simulation object is 'sim_1'
INFO: [SIM-utils-72] Using boost library from 'C:/Xilinx/Vivado/2024.1/tps/boost_1_72_0'
INFO: [SIM-utils-54] Inspecting design source files for 'tb_output1' in fileset 'sim_1'...
INFO: [USF-XSim-97] Finding global include files...
INFO: [USF-XSim-98] Fetching design files from 'sim_1'...
INFO: [USF-XSim-2] XSim::Compile design
INFO: [USF-XSim-61] Executing 'COMPILE and ANALYZE' step in 'C:/vivadoproject/project_32/project_32.sim/sim_1/behav/xsim'
"xvlog --incr --relax -prj tb_output1_vlog.prj"
INFO: [VRFC 10-2263] Analyzing Verilog file "C:/vivadoproject/project_32/project_32.srcs/sources_1/new/a.v" into library xil_defaultlib
INFO: [VRFC 10-311] analyzing module bcd_up
INFO: [VRFC 10-2263] Analyzing Verilog file "C:/vivadoproject/project_32/project_32.srcs/sim_1/new/w.v" into library xil_defaultlib
INFO: [VRFC 10-311] analyzing module tb_output1
INFO: [USF-XSim-69] 'compile' step finished in '1' seconds
INFO: [USF-XSim-3] XSim::Elaborate design
INFO: [USF-XSim-61] Executing 'ELABORATE' step in 'C:/vivadoproject/project_32/project_32.sim/sim_1/behav/xsim'
"xelab --incr --debug typical --relax --mt 2 -L xil_defaultlib -L unisims_ver -L unimacro_ver -L secureip --snapshot tb_output1_behav xil_defaultlib.tb_output1 xil_defaultlib.glbl -log elaborate.log"
Vivado Simulator v2024.1
Copyright 1986-2022 Xilinx, Inc. All Rights Reserved.
Copyright 2022-2024 Advanced Micro Devices, Inc. All Rights Reserved.
Running: C:/Xilinx/Vivado/2024.1/bin/unwrapped/win64.o/xelab.exe --incr --debug typical --relax --mt 2 -L xil_defaultlib -L unisims_ver -L unimacro_ver -L secureip --snapshot tb_output1_behav xil_defaultlib.tb_output1 xil_defaultlib.glbl -log elaborate.log 
Using 2 slave threads.
Starting static elaboration
Pass Through NonSizing Optimizer
Completed static elaboration
Starting simulation data flow analysis
WARNING: [XSIM 43-4099] "C:/vivadoproject/project_32/project_32.srcs/sources_1/new/a.v" Line 1. Module bcd_up doesn't have a timescale but at least one module in design has a timescale.
WARNING: [XSIM 43-4099] "C:/vivadoproject/project_32/project_32.srcs/sources_1/new/a.v" Line 1. Module bcd_up doesn't have a timescale but at least one module in design has a timescale.
Completed simulation data flow analysis
Time Resolution for simulation is 1ps
Compiling module xil_defaultlib.bcd_up
Compiling module xil_defaultlib.tb_output1
Compiling module xil_defaultlib.glbl
Built simulation snapshot tb_output1_behav
INFO: [USF-XSim-69] 'elaborate' step finished in '1' seconds
INFO: [USF-XSim-4] XSim::Simulate design
INFO: [USF-XSim-61] Executing 'SIMULATE' step in 'C:/vivadoproject/project_32/project_32.sim/sim_1/behav/xsim'
INFO: [USF-XSim-98] *** Running xsim
   with args "tb_output1_behav -key {Behavioral:sim_1:Functional:tb_output1} -tclbatch {tb_output1.tcl} -log {simulate.log}"
INFO: [USF-XSim-8] Loading simulator feature
Time resolution is 1 ps
source tb_output1.tcl
# set curr_wave [current_wave_config]
# if { [string length $curr_wave] == 0 } {
#   if { [llength [get_objects]] > 0} {
#     add_wave /
#     set_property needs_save false [current_wave_config]
#   } else {
#      send_msg_id Add_Wave-1 WARNING "No top level signals found. Simulator will start without a wave window. If you want to open a wave window go to 'File->New Waveform Configuration' or type 'create_wave_config' in the TCL console."
#   }
# }
# run 1000ns
INFO: [USF-XSim-96] XSim completed. Design snapshot 'tb_output1_behav' loaded.
INFO: [USF-XSim-97] XSim simulation ran for 1000ns
close_sim
WARNING: [filemgmt 56-199] Attempt to get parsing info during refresh. "On-the-fly" syntax checking information may be incorrect. [C:\vivadoproject\project_32\project_32.srcs\sources_1\new\a.v:]
WARNING: [filemgmt 56-199] Attempt to get parsing info during refresh. "On-the-fly" syntax checking information may be incorrect. [C:\vivadoproject\project_32\project_32.srcs\sim_1\new\w.v:]
WARNING: [filemgmt 56-199] Attempt to get parsing info during refresh. "On-the-fly" syntax checking information may be incorrect. [C:\vivadoproject\project_32\project_32.srcs\sim_1\new\w.v:]
WARNING: [filemgmt 56-199] Attempt to get parsing info during refresh. "On-the-fly" syntax checking information may be incorrect. [C:\vivadoproject\project_32\project_32.srcs\sim_1\new\w.v:]
INFO: [Simtcl 6-16] Simulation closed
ERROR: [Common 17-180] Spawn failed: No error
launch_simulation
Command: launch_simulation 
INFO: [Vivado 12-12493] Simulation top is 'tb_output1'
WARNING: [Vivado 12-13340] Unable to auto find GCC executables from simulator install path! (path not set)
INFO: [Vivado 12-5682] Launching behavioral simulation in 'C:/vivadoproject/project_32/project_32.sim/sim_1/behav/xsim'
INFO: [SIM-utils-51] Simulation object is 'sim_1'
INFO: [SIM-utils-72] Using boost library from 'C:/Xilinx/Vivado/2024.1/tps/boost_1_72_0'
INFO: [SIM-utils-54] Inspecting design source files for 'tb_output1' in fileset 'sim_1'...
INFO: [USF-XSim-97] Finding global include files...
INFO: [USF-XSim-98] Fetching design files from 'sim_1'...
INFO: [USF-XSim-2] XSim::Compile design
INFO: [USF-XSim-61] Executing 'COMPILE and ANALYZE' step in 'C:/vivadoproject/project_32/project_32.sim/sim_1/behav/xsim'
"xvlog --incr --relax -prj tb_output1_vlog.prj"
INFO: [VRFC 10-2263] Analyzing Verilog file "C:/vivadoproject/project_32/project_32.srcs/sources_1/new/a.v" into library xil_defaultlib
INFO: [VRFC 10-311] analyzing module bcd_up
INFO: [VRFC 10-2263] Analyzing Verilog file "C:/vivadoproject/project_32/project_32.srcs/sim_1/new/w.v" into library xil_defaultlib
INFO: [VRFC 10-311] analyzing module tb_output1
INFO: [USF-XSim-69] 'compile' step finished in '2' seconds
INFO: [USF-XSim-3] XSim::Elaborate design
INFO: [USF-XSim-61] Executing 'ELABORATE' step in 'C:/vivadoproject/project_32/project_32.sim/sim_1/behav/xsim'
"xelab --incr --debug typical --relax --mt 2 -L xil_defaultlib -L unisims_ver -L unimacro_ver -L secureip --snapshot tb_output1_behav xil_defaultlib.tb_output1 xil_defaultlib.glbl -log elaborate.log"
Vivado Simulator v2024.1
Copyright 1986-2022 Xilinx, Inc. All Rights Reserved.
Copyright 2022-2024 Advanced Micro Devices, Inc. All Rights Reserved.
Running: C:/Xilinx/Vivado/2024.1/bin/unwrapped/win64.o/xelab.exe --incr --debug typical --relax --mt 2 -L xil_defaultlib -L unisims_ver -L unimacro_ver -L secureip --snapshot tb_output1_behav xil_defaultlib.tb_output1 xil_defaultlib.glbl -log elaborate.log 
Using 2 slave threads.
Starting static elaboration
Pass Through NonSizing Optimizer
Completed static elaboration
Starting simulation data flow analysis
WARNING: [XSIM 43-4099] "C:/vivadoproject/project_32/project_32.srcs/sources_1/new/a.v" Line 1. Module bcd_up doesn't have a timescale but at least one module in design has a timescale.
WARNING: [XSIM 43-4099] "C:/vivadoproject/project_32/project_32.srcs/sources_1/new/a.v" Line 1. Module bcd_up doesn't have a timescale but at least one module in design has a timescale.
Completed simulation data flow analysis
Time Resolution for simulation is 1ps
Compiling module xil_defaultlib.bcd_up
Compiling module xil_defaultlib.tb_output1
Compiling module xil_defaultlib.glbl
Built simulation snapshot tb_output1_behav
INFO: [USF-XSim-69] 'elaborate' step finished in '1' seconds
INFO: [USF-XSim-4] XSim::Simulate design
INFO: [USF-XSim-61] Executing 'SIMULATE' step in 'C:/vivadoproject/project_32/project_32.sim/sim_1/behav/xsim'
INFO: [USF-XSim-98] *** Running xsim
   with args "tb_output1_behav -key {Behavioral:sim_1:Functional:tb_output1} -tclbatch {tb_output1.tcl} -log {simulate.log}"
INFO: [USF-XSim-8] Loading simulator feature
Time resolution is 1 ps
source tb_output1.tcl
# set curr_wave [current_wave_config]
# if { [string length $curr_wave] == 0 } {
#   if { [llength [get_objects]] > 0} {
#     add_wave /
#     set_property needs_save false [current_wave_config]
#   } else {
#      send_msg_id Add_Wave-1 WARNING "No top level signals found. Simulator will start without a wave window. If you want to open a wave window go to 'File->New Waveform Configuration' or type 'create_wave_config' in the TCL console."
#   }
# }
# run 1000ns
INFO: [USF-XSim-96] XSim completed. Design snapshot 'tb_output1_behav' loaded.
INFO: [USF-XSim-97] XSim simulation ran for 1000ns
WARNING: [filemgmt 56-199] Attempt to get parsing info during refresh. "On-the-fly" syntax checking information may be incorrect. [C:\vivadoproject\project_32\project_32.srcs\sources_1\new\a.v:]
WARNING: [filemgmt 56-199] Attempt to get parsing info during refresh. "On-the-fly" syntax checking information may be incorrect. [C:\vivadoproject\project_32\project_32.srcs\sim_1\new\w.v:]
WARNING: [filemgmt 56-199] Attempt to get parsing info during refresh. "On-the-fly" syntax checking information may be incorrect. [C:\vivadoproject\project_32\project_32.srcs\sim_1\new\w.v:]
WARNING: [filemgmt 56-199] Attempt to get parsing info during refresh. "On-the-fly" syntax checking information may be incorrect. [C:\vivadoproject\project_32\project_32.srcs\sim_1\new\w.v:]
ERROR: [Common 17-180] Spawn failed: No error
close_sim
INFO: [Simtcl 6-16] Simulation closed
launch_simulation
Command: launch_simulation 
INFO: [Vivado 12-12493] Simulation top is 'tb_output1'
WARNING: [Vivado 12-13340] Unable to auto find GCC executables from simulator install path! (path not set)
INFO: [Vivado 12-5682] Launching behavioral simulation in 'C:/vivadoproject/project_32/project_32.sim/sim_1/behav/xsim'
INFO: [SIM-utils-51] Simulation object is 'sim_1'
INFO: [SIM-utils-72] Using boost library from 'C:/Xilinx/Vivado/2024.1/tps/boost_1_72_0'
INFO: [SIM-utils-54] Inspecting design source files for 'tb_output1' in fileset 'sim_1'...
INFO: [USF-XSim-97] Finding global include files...
INFO: [USF-XSim-98] Fetching design files from 'sim_1'...
INFO: [USF-XSim-2] XSim::Compile design
INFO: [USF-XSim-61] Executing 'COMPILE and ANALYZE' step in 'C:/vivadoproject/project_32/project_32.sim/sim_1/behav/xsim'
"xvlog --incr --relax -prj tb_output1_vlog.prj"
INFO: [VRFC 10-2263] Analyzing Verilog file "C:/vivadoproject/project_32/project_32.srcs/sources_1/new/a.v" into library xil_defaultlib
INFO: [VRFC 10-311] analyzing module bcd_up
INFO: [VRFC 10-2263] Analyzing Verilog file "C:/vivadoproject/project_32/project_32.srcs/sim_1/new/w.v" into library xil_defaultlib
INFO: [VRFC 10-311] analyzing module tb_output1
INFO: [USF-XSim-69] 'compile' step finished in '1' seconds
INFO: [USF-XSim-3] XSim::Elaborate design
INFO: [USF-XSim-61] Executing 'ELABORATE' step in 'C:/vivadoproject/project_32/project_32.sim/sim_1/behav/xsim'
"xelab --incr --debug typical --relax --mt 2 -L xil_defaultlib -L unisims_ver -L unimacro_ver -L secureip --snapshot tb_output1_behav xil_defaultlib.tb_output1 xil_defaultlib.glbl -log elaborate.log"
Vivado Simulator v2024.1
Copyright 1986-2022 Xilinx, Inc. All Rights Reserved.
Copyright 2022-2024 Advanced Micro Devices, Inc. All Rights Reserved.
Running: C:/Xilinx/Vivado/2024.1/bin/unwrapped/win64.o/xelab.exe --incr --debug typical --relax --mt 2 -L xil_defaultlib -L unisims_ver -L unimacro_ver -L secureip --snapshot tb_output1_behav xil_defaultlib.tb_output1 xil_defaultlib.glbl -log elaborate.log 
Using 2 slave threads.
Starting static elaboration
Pass Through NonSizing Optimizer
Completed static elaboration
Starting simulation data flow analysis
WARNING: [XSIM 43-4099] "C:/vivadoproject/project_32/project_32.srcs/sources_1/new/a.v" Line 1. Module bcd_up doesn't have a timescale but at least one module in design has a timescale.
WARNING: [XSIM 43-4099] "C:/vivadoproject/project_32/project_32.srcs/sources_1/new/a.v" Line 1. Module bcd_up doesn't have a timescale but at least one module in design has a timescale.
Completed simulation data flow analysis
Time Resolution for simulation is 1ps
Compiling module xil_defaultlib.bcd_up
Compiling module xil_defaultlib.tb_output1
Compiling module xil_defaultlib.glbl
Built simulation snapshot tb_output1_behav
INFO: [USF-XSim-69] 'elaborate' step finished in '2' seconds
INFO: [USF-XSim-4] XSim::Simulate design
INFO: [USF-XSim-61] Executing 'SIMULATE' step in 'C:/vivadoproject/project_32/project_32.sim/sim_1/behav/xsim'
INFO: [USF-XSim-98] *** Running xsim
   with args "tb_output1_behav -key {Behavioral:sim_1:Functional:tb_output1} -tclbatch {tb_output1.tcl} -log {simulate.log}"
INFO: [USF-XSim-8] Loading simulator feature
Time resolution is 1 ps
source tb_output1.tcl
# set curr_wave [current_wave_config]
# if { [string length $curr_wave] == 0 } {
#   if { [llength [get_objects]] > 0} {
#     add_wave /
#     set_property needs_save false [current_wave_config]
#   } else {
#      send_msg_id Add_Wave-1 WARNING "No top level signals found. Simulator will start without a wave window. If you want to open a wave window go to 'File->New Waveform Configuration' or type 'create_wave_config' in the TCL console."
#   }
# }
# run 1000ns
INFO: [USF-XSim-96] XSim completed. Design snapshot 'tb_output1_behav' loaded.
INFO: [USF-XSim-97] XSim simulation ran for 1000ns
launch_simulation: Time (s): cpu = 00:00:00 ; elapsed = 00:00:05 . Memory (MB): peak = 2714.309 ; gain = 0.000
close_sim
WARNING: [filemgmt 56-199] Attempt to get parsing info during refresh. "On-the-fly" syntax checking information may be incorrect. [C:\vivadoproject\project_32\project_32.srcs\sources_1\new\a.v:]
WARNING: [filemgmt 56-199] Attempt to get parsing info during refresh. "On-the-fly" syntax checking information may be incorrect. [C:\vivadoproject\project_32\project_32.srcs\sim_1\new\w.v:]
WARNING: [filemgmt 56-199] Attempt to get parsing info during refresh. "On-the-fly" syntax checking information may be incorrect. [C:\vivadoproject\project_32\project_32.srcs\sim_1\new\w.v:]
WARNING: [filemgmt 56-199] Attempt to get parsing info during refresh. "On-the-fly" syntax checking information may be incorrect. [C:\vivadoproject\project_32\project_32.srcs\sim_1\new\w.v:]
INFO: [Simtcl 6-16] Simulation closed
ERROR: [Common 17-180] Spawn failed: No error
launch_simulation
Command: launch_simulation 
INFO: [Vivado 12-12493] Simulation top is 'tb_output1'
WARNING: [Vivado 12-13340] Unable to auto find GCC executables from simulator install path! (path not set)
INFO: [Vivado 12-5682] Launching behavioral simulation in 'C:/vivadoproject/project_32/project_32.sim/sim_1/behav/xsim'
INFO: [SIM-utils-51] Simulation object is 'sim_1'
INFO: [SIM-utils-72] Using boost library from 'C:/Xilinx/Vivado/2024.1/tps/boost_1_72_0'
INFO: [SIM-utils-54] Inspecting design source files for 'tb_output1' in fileset 'sim_1'...
INFO: [USF-XSim-97] Finding global include files...
INFO: [USF-XSim-98] Fetching design files from 'sim_1'...
INFO: [USF-XSim-2] XSim::Compile design
INFO: [USF-XSim-61] Executing 'COMPILE and ANALYZE' step in 'C:/vivadoproject/project_32/project_32.sim/sim_1/behav/xsim'
"xvlog --incr --relax -prj tb_output1_vlog.prj"
INFO: [VRFC 10-2263] Analyzing Verilog file "C:/vivadoproject/project_32/project_32.srcs/sources_1/new/a.v" into library xil_defaultlib
INFO: [VRFC 10-311] analyzing module bcd_up
INFO: [VRFC 10-2263] Analyzing Verilog file "C:/vivadoproject/project_32/project_32.srcs/sim_1/new/w.v" into library xil_defaultlib
INFO: [VRFC 10-311] analyzing module tb_output1
INFO: [USF-XSim-69] 'compile' step finished in '2' seconds
INFO: [USF-XSim-3] XSim::Elaborate design
INFO: [USF-XSim-61] Executing 'ELABORATE' step in 'C:/vivadoproject/project_32/project_32.sim/sim_1/behav/xsim'
"xelab --incr --debug typical --relax --mt 2 -L xil_defaultlib -L unisims_ver -L unimacro_ver -L secureip --snapshot tb_output1_behav xil_defaultlib.tb_output1 xil_defaultlib.glbl -log elaborate.log"
Vivado Simulator v2024.1
Copyright 1986-2022 Xilinx, Inc. All Rights Reserved.
Copyright 2022-2024 Advanced Micro Devices, Inc. All Rights Reserved.
Running: C:/Xilinx/Vivado/2024.1/bin/unwrapped/win64.o/xelab.exe --incr --debug typical --relax --mt 2 -L xil_defaultlib -L unisims_ver -L unimacro_ver -L secureip --snapshot tb_output1_behav xil_defaultlib.tb_output1 xil_defaultlib.glbl -log elaborate.log 
Using 2 slave threads.
Starting static elaboration
Pass Through NonSizing Optimizer
Completed static elaboration
Starting simulation data flow analysis
WARNING: [XSIM 43-4099] "C:/vivadoproject/project_32/project_32.srcs/sources_1/new/a.v" Line 1. Module bcd_up doesn't have a timescale but at least one module in design has a timescale.
WARNING: [XSIM 43-4099] "C:/vivadoproject/project_32/project_32.srcs/sources_1/new/a.v" Line 1. Module bcd_up doesn't have a timescale but at least one module in design has a timescale.
Completed simulation data flow analysis
Time Resolution for simulation is 1ps
Compiling module xil_defaultlib.bcd_up
Compiling module xil_defaultlib.tb_output1
Compiling module xil_defaultlib.glbl
Built simulation snapshot tb_output1_behav
INFO: [USF-XSim-69] 'elaborate' step finished in '2' seconds
INFO: [USF-XSim-4] XSim::Simulate design
INFO: [USF-XSim-61] Executing 'SIMULATE' step in 'C:/vivadoproject/project_32/project_32.sim/sim_1/behav/xsim'
INFO: [USF-XSim-98] *** Running xsim
   with args "tb_output1_behav -key {Behavioral:sim_1:Functional:tb_output1} -tclbatch {tb_output1.tcl} -log {simulate.log}"
INFO: [USF-XSim-8] Loading simulator feature
Time resolution is 1 ps
source tb_output1.tcl
# set curr_wave [current_wave_config]
# if { [string length $curr_wave] == 0 } {
#   if { [llength [get_objects]] > 0} {
#     add_wave /
#     set_property needs_save false [current_wave_config]
#   } else {
#      send_msg_id Add_Wave-1 WARNING "No top level signals found. Simulator will start without a wave window. If you want to open a wave window go to 'File->New Waveform Configuration' or type 'create_wave_config' in the TCL console."
#   }
# }
# run 1000ns
INFO: [USF-XSim-96] XSim completed. Design snapshot 'tb_output1_behav' loaded.
INFO: [USF-XSim-97] XSim simulation ran for 1000ns
launch_simulation: Time (s): cpu = 00:00:01 ; elapsed = 00:00:07 . Memory (MB): peak = 2776.008 ; gain = 0.000
WARNING: [filemgmt 56-199] Attempt to get parsing info during refresh. "On-the-fly" syntax checking information may be incorrect. [C:\vivadoproject\project_32\project_32.srcs\sources_1\new\a.v:]
WARNING: [filemgmt 56-199] Attempt to get parsing info during refresh. "On-the-fly" syntax checking information may be incorrect. [C:\vivadoproject\project_32\project_32.srcs\sim_1\new\w.v:]
WARNING: [filemgmt 56-199] Attempt to get parsing info during refresh. "On-the-fly" syntax checking information may be incorrect. [C:\vivadoproject\project_32\project_32.srcs\sim_1\new\w.v:]
WARNING: [filemgmt 56-199] Attempt to get parsing info during refresh. "On-the-fly" syntax checking information may be incorrect. [C:\vivadoproject\project_32\project_32.srcs\sim_1\new\w.v:]
ERROR: [Common 17-180] Spawn failed: No error
close_sim
INFO: [Simtcl 6-16] Simulation closed
launch_simulation
Command: launch_simulation 
INFO: [Vivado 12-12493] Simulation top is 'tb_output1'
WARNING: [Vivado 12-13340] Unable to auto find GCC executables from simulator install path! (path not set)
INFO: [Vivado 12-5682] Launching behavioral simulation in 'C:/vivadoproject/project_32/project_32.sim/sim_1/behav/xsim'
INFO: [SIM-utils-51] Simulation object is 'sim_1'
INFO: [SIM-utils-72] Using boost library from 'C:/Xilinx/Vivado/2024.1/tps/boost_1_72_0'
INFO: [SIM-utils-54] Inspecting design source files for 'tb_output1' in fileset 'sim_1'...
INFO: [USF-XSim-97] Finding global include files...
INFO: [USF-XSim-98] Fetching design files from 'sim_1'...
INFO: [USF-XSim-2] XSim::Compile design
INFO: [USF-XSim-61] Executing 'COMPILE and ANALYZE' step in 'C:/vivadoproject/project_32/project_32.sim/sim_1/behav/xsim'
"xvlog --incr --relax -prj tb_output1_vlog.prj"
INFO: [VRFC 10-2263] Analyzing Verilog file "C:/vivadoproject/project_32/project_32.srcs/sources_1/new/a.v" into library xil_defaultlib
INFO: [VRFC 10-311] analyzing module bcd_up
INFO: [VRFC 10-2263] Analyzing Verilog file "C:/vivadoproject/project_32/project_32.srcs/sim_1/new/w.v" into library xil_defaultlib
INFO: [VRFC 10-311] analyzing module tb_output1
INFO: [USF-XSim-69] 'compile' step finished in '1' seconds
INFO: [USF-XSim-3] XSim::Elaborate design
INFO: [USF-XSim-61] Executing 'ELABORATE' step in 'C:/vivadoproject/project_32/project_32.sim/sim_1/behav/xsim'
"xelab --incr --debug typical --relax --mt 2 -L xil_defaultlib -L unisims_ver -L unimacro_ver -L secureip --snapshot tb_output1_behav xil_defaultlib.tb_output1 xil_defaultlib.glbl -log elaborate.log"
Vivado Simulator v2024.1
Copyright 1986-2022 Xilinx, Inc. All Rights Reserved.
Copyright 2022-2024 Advanced Micro Devices, Inc. All Rights Reserved.
Running: C:/Xilinx/Vivado/2024.1/bin/unwrapped/win64.o/xelab.exe --incr --debug typical --relax --mt 2 -L xil_defaultlib -L unisims_ver -L unimacro_ver -L secureip --snapshot tb_output1_behav xil_defaultlib.tb_output1 xil_defaultlib.glbl -log elaborate.log 
Using 2 slave threads.
Starting static elaboration
Pass Through NonSizing Optimizer
Completed static elaboration
Starting simulation data flow analysis
WARNING: [XSIM 43-4099] "C:/vivadoproject/project_32/project_32.srcs/sources_1/new/a.v" Line 1. Module bcd_up doesn't have a timescale but at least one module in design has a timescale.
WARNING: [XSIM 43-4099] "C:/vivadoproject/project_32/project_32.srcs/sources_1/new/a.v" Line 1. Module bcd_up doesn't have a timescale but at least one module in design has a timescale.
Completed simulation data flow analysis
Time Resolution for simulation is 1ps
Compiling module xil_defaultlib.bcd_up
Compiling module xil_defaultlib.tb_output1
Compiling module xil_defaultlib.glbl
Built simulation snapshot tb_output1_behav
INFO: [USF-XSim-69] 'elaborate' step finished in '2' seconds
INFO: [USF-XSim-4] XSim::Simulate design
INFO: [USF-XSim-61] Executing 'SIMULATE' step in 'C:/vivadoproject/project_32/project_32.sim/sim_1/behav/xsim'
INFO: [USF-XSim-98] *** Running xsim
   with args "tb_output1_behav -key {Behavioral:sim_1:Functional:tb_output1} -tclbatch {tb_output1.tcl} -log {simulate.log}"
INFO: [USF-XSim-8] Loading simulator feature
Time resolution is 1 ps
source tb_output1.tcl
# set curr_wave [current_wave_config]
# if { [string length $curr_wave] == 0 } {
#   if { [llength [get_objects]] > 0} {
#     add_wave /
#     set_property needs_save false [current_wave_config]
#   } else {
#      send_msg_id Add_Wave-1 WARNING "No top level signals found. Simulator will start without a wave window. If you want to open a wave window go to 'File->New Waveform Configuration' or type 'create_wave_config' in the TCL console."
#   }
# }
# run 1000ns
INFO: [USF-XSim-96] XSim completed. Design snapshot 'tb_output1_behav' loaded.
INFO: [USF-XSim-97] XSim simulation ran for 1000ns
close_sim
WARNING: [filemgmt 56-199] Attempt to get parsing info during refresh. "On-the-fly" syntax checking information may be incorrect. [C:\vivadoproject\project_32\project_32.srcs\sources_1\new\a.v:]
WARNING: [filemgmt 56-199] Attempt to get parsing info during refresh. "On-the-fly" syntax checking information may be incorrect. [C:\vivadoproject\project_32\project_32.srcs\sim_1\new\w.v:]
WARNING: [filemgmt 56-199] Attempt to get parsing info during refresh. "On-the-fly" syntax checking information may be incorrect. [C:\vivadoproject\project_32\project_32.srcs\sim_1\new\w.v:]
WARNING: [filemgmt 56-199] Attempt to get parsing info during refresh. "On-the-fly" syntax checking information may be incorrect. [C:\vivadoproject\project_32\project_32.srcs\sim_1\new\w.v:]
INFO: [Simtcl 6-16] Simulation closed
ERROR: [Common 17-180] Spawn failed: No error
launch_simulation
Command: launch_simulation 
INFO: [Vivado 12-12493] Simulation top is 'tb_output1'
WARNING: [Vivado 12-13340] Unable to auto find GCC executables from simulator install path! (path not set)
INFO: [Vivado 12-5682] Launching behavioral simulation in 'C:/vivadoproject/project_32/project_32.sim/sim_1/behav/xsim'
INFO: [SIM-utils-51] Simulation object is 'sim_1'
INFO: [SIM-utils-72] Using boost library from 'C:/Xilinx/Vivado/2024.1/tps/boost_1_72_0'
INFO: [SIM-utils-54] Inspecting design source files for 'tb_output1' in fileset 'sim_1'...
INFO: [USF-XSim-97] Finding global include files...
INFO: [USF-XSim-98] Fetching design files from 'sim_1'...
INFO: [USF-XSim-2] XSim::Compile design
INFO: [USF-XSim-61] Executing 'COMPILE and ANALYZE' step in 'C:/vivadoproject/project_32/project_32.sim/sim_1/behav/xsim'
"xvlog --incr --relax -prj tb_output1_vlog.prj"
INFO: [VRFC 10-2263] Analyzing Verilog file "C:/vivadoproject/project_32/project_32.srcs/sources_1/new/a.v" into library xil_defaultlib
INFO: [VRFC 10-311] analyzing module bcd_up
INFO: [VRFC 10-2263] Analyzing Verilog file "C:/vivadoproject/project_32/project_32.srcs/sim_1/new/w.v" into library xil_defaultlib
INFO: [VRFC 10-311] analyzing module tb_output1
INFO: [USF-XSim-69] 'compile' step finished in '1' seconds
INFO: [USF-XSim-3] XSim::Elaborate design
INFO: [USF-XSim-61] Executing 'ELABORATE' step in 'C:/vivadoproject/project_32/project_32.sim/sim_1/behav/xsim'
"xelab --incr --debug typical --relax --mt 2 -L xil_defaultlib -L unisims_ver -L unimacro_ver -L secureip --snapshot tb_output1_behav xil_defaultlib.tb_output1 xil_defaultlib.glbl -log elaborate.log"
Vivado Simulator v2024.1
Copyright 1986-2022 Xilinx, Inc. All Rights Reserved.
Copyright 2022-2024 Advanced Micro Devices, Inc. All Rights Reserved.
Running: C:/Xilinx/Vivado/2024.1/bin/unwrapped/win64.o/xelab.exe --incr --debug typical --relax --mt 2 -L xil_defaultlib -L unisims_ver -L unimacro_ver -L secureip --snapshot tb_output1_behav xil_defaultlib.tb_output1 xil_defaultlib.glbl -log elaborate.log 
Using 2 slave threads.
Starting static elaboration
Pass Through NonSizing Optimizer
Completed static elaboration
Starting simulation data flow analysis
WARNING: [XSIM 43-4099] "C:/vivadoproject/project_32/project_32.srcs/sources_1/new/a.v" Line 1. Module bcd_up doesn't have a timescale but at least one module in design has a timescale.
WARNING: [XSIM 43-4099] "C:/vivadoproject/project_32/project_32.srcs/sources_1/new/a.v" Line 1. Module bcd_up doesn't have a timescale but at least one module in design has a timescale.
Completed simulation data flow analysis
Time Resolution for simulation is 1ps
Compiling module xil_defaultlib.bcd_up
Compiling module xil_defaultlib.tb_output1
Compiling module xil_defaultlib.glbl
Built simulation snapshot tb_output1_behav
INFO: [USF-XSim-69] 'elaborate' step finished in '1' seconds
INFO: [USF-XSim-4] XSim::Simulate design
INFO: [USF-XSim-61] Executing 'SIMULATE' step in 'C:/vivadoproject/project_32/project_32.sim/sim_1/behav/xsim'
INFO: [USF-XSim-98] *** Running xsim
   with args "tb_output1_behav -key {Behavioral:sim_1:Functional:tb_output1} -tclbatch {tb_output1.tcl} -log {simulate.log}"
INFO: [USF-XSim-8] Loading simulator feature
Time resolution is 1 ps
source tb_output1.tcl
# set curr_wave [current_wave_config]
# if { [string length $curr_wave] == 0 } {
#   if { [llength [get_objects]] > 0} {
#     add_wave /
#     set_property needs_save false [current_wave_config]
#   } else {
#      send_msg_id Add_Wave-1 WARNING "No top level signals found. Simulator will start without a wave window. If you want to open a wave window go to 'File->New Waveform Configuration' or type 'create_wave_config' in the TCL console."
#   }
# }
# run 1000ns
INFO: [USF-XSim-96] XSim completed. Design snapshot 'tb_output1_behav' loaded.
INFO: [USF-XSim-97] XSim simulation ran for 1000ns
launch_simulation: Time (s): cpu = 00:00:01 ; elapsed = 00:00:05 . Memory (MB): peak = 2776.008 ; gain = 0.000
WARNING: [filemgmt 56-199] Attempt to get parsing info during refresh. "On-the-fly" syntax checking information may be incorrect. [C:\vivadoproject\project_32\project_32.srcs\sources_1\new\a.v:]
WARNING: [filemgmt 56-199] Attempt to get parsing info during refresh. "On-the-fly" syntax checking information may be incorrect. [C:\vivadoproject\project_32\project_32.srcs\sim_1\new\w.v:]
WARNING: [filemgmt 56-199] Attempt to get parsing info during refresh. "On-the-fly" syntax checking information may be incorrect. [C:\vivadoproject\project_32\project_32.srcs\sim_1\new\w.v:]
WARNING: [filemgmt 56-199] Attempt to get parsing info during refresh. "On-the-fly" syntax checking information may be incorrect. [C:\vivadoproject\project_32\project_32.srcs\sim_1\new\w.v:]
ERROR: [Common 17-180] Spawn failed: No error
WARNING: [filemgmt 56-199] Attempt to get parsing info during refresh. "On-the-fly" syntax checking information may be incorrect. [C:\vivadoproject\project_32\project_32.srcs\sources_1\new\a.v:]
WARNING: [filemgmt 56-199] Attempt to get parsing info during refresh. "On-the-fly" syntax checking information may be incorrect. [C:\vivadoproject\project_32\project_32.srcs\sim_1\new\w.v:]
WARNING: [filemgmt 56-199] Attempt to get parsing info during refresh. "On-the-fly" syntax checking information may be incorrect. [C:\vivadoproject\project_32\project_32.srcs\sources_1\new\a.v:]
WARNING: [filemgmt 56-199] Attempt to get parsing info during refresh. "On-the-fly" syntax checking information may be incorrect. [C:\vivadoproject\project_32\project_32.srcs\sources_1\new\a.v:]
ERROR: [Common 17-180] Spawn failed: No error
close_sim
WARNING: [filemgmt 56-199] Attempt to get parsing info during refresh. "On-the-fly" syntax checking information may be incorrect. [C:\vivadoproject\project_32\project_32.srcs\sources_1\new\a.v:]
WARNING: [filemgmt 56-199] Attempt to get parsing info during refresh. "On-the-fly" syntax checking information may be incorrect. [C:\vivadoproject\project_32\project_32.srcs\sim_1\new\w.v:]
WARNING: [filemgmt 56-199] Attempt to get parsing info during refresh. "On-the-fly" syntax checking information may be incorrect. [C:\vivadoproject\project_32\project_32.srcs\sim_1\new\w.v:]
WARNING: [filemgmt 56-199] Attempt to get parsing info during refresh. "On-the-fly" syntax checking information may be incorrect. [C:\vivadoproject\project_32\project_32.srcs\sim_1\new\w.v:]
INFO: [Simtcl 6-16] Simulation closed
ERROR: [Common 17-180] Spawn failed: No error
launch_simulation
Command: launch_simulation 
INFO: [Vivado 12-12493] Simulation top is 'tb_output1'
WARNING: [Vivado 12-13340] Unable to auto find GCC executables from simulator install path! (path not set)
INFO: [Vivado 12-5682] Launching behavioral simulation in 'C:/vivadoproject/project_32/project_32.sim/sim_1/behav/xsim'
INFO: [SIM-utils-51] Simulation object is 'sim_1'
INFO: [SIM-utils-72] Using boost library from 'C:/Xilinx/Vivado/2024.1/tps/boost_1_72_0'
INFO: [SIM-utils-54] Inspecting design source files for 'tb_output1' in fileset 'sim_1'...
INFO: [USF-XSim-97] Finding global include files...
INFO: [USF-XSim-98] Fetching design files from 'sim_1'...
INFO: [USF-XSim-2] XSim::Compile design
INFO: [USF-XSim-61] Executing 'COMPILE and ANALYZE' step in 'C:/vivadoproject/project_32/project_32.sim/sim_1/behav/xsim'
"xvlog --incr --relax -prj tb_output1_vlog.prj"
INFO: [VRFC 10-2263] Analyzing Verilog file "C:/vivadoproject/project_32/project_32.srcs/sources_1/new/a.v" into library xil_defaultlib
INFO: [VRFC 10-311] analyzing module bcd_up
INFO: [VRFC 10-2263] Analyzing Verilog file "C:/vivadoproject/project_32/project_32.srcs/sim_1/new/w.v" into library xil_defaultlib
INFO: [VRFC 10-311] analyzing module tb_output1
INFO: [USF-XSim-69] 'compile' step finished in '1' seconds
INFO: [USF-XSim-3] XSim::Elaborate design
INFO: [USF-XSim-61] Executing 'ELABORATE' step in 'C:/vivadoproject/project_32/project_32.sim/sim_1/behav/xsim'
"xelab --incr --debug typical --relax --mt 2 -L xil_defaultlib -L unisims_ver -L unimacro_ver -L secureip --snapshot tb_output1_behav xil_defaultlib.tb_output1 xil_defaultlib.glbl -log elaborate.log"
Vivado Simulator v2024.1
Copyright 1986-2022 Xilinx, Inc. All Rights Reserved.
Copyright 2022-2024 Advanced Micro Devices, Inc. All Rights Reserved.
Running: C:/Xilinx/Vivado/2024.1/bin/unwrapped/win64.o/xelab.exe --incr --debug typical --relax --mt 2 -L xil_defaultlib -L unisims_ver -L unimacro_ver -L secureip --snapshot tb_output1_behav xil_defaultlib.tb_output1 xil_defaultlib.glbl -log elaborate.log 
Using 2 slave threads.
Starting static elaboration
Pass Through NonSizing Optimizer
Completed static elaboration
Starting simulation data flow analysis
WARNING: [XSIM 43-4099] "C:/vivadoproject/project_32/project_32.srcs/sources_1/new/a.v" Line 1. Module bcd_up doesn't have a timescale but at least one module in design has a timescale.
WARNING: [XSIM 43-4099] "C:/vivadoproject/project_32/project_32.srcs/sources_1/new/a.v" Line 1. Module bcd_up doesn't have a timescale but at least one module in design has a timescale.
Completed simulation data flow analysis
Time Resolution for simulation is 1ps
Compiling module xil_defaultlib.bcd_up
Compiling module xil_defaultlib.tb_output1
Compiling module xil_defaultlib.glbl
Built simulation snapshot tb_output1_behav
INFO: [USF-XSim-69] 'elaborate' step finished in '2' seconds
INFO: [USF-XSim-4] XSim::Simulate design
INFO: [USF-XSim-61] Executing 'SIMULATE' step in 'C:/vivadoproject/project_32/project_32.sim/sim_1/behav/xsim'
INFO: [USF-XSim-98] *** Running xsim
   with args "tb_output1_behav -key {Behavioral:sim_1:Functional:tb_output1} -tclbatch {tb_output1.tcl} -log {simulate.log}"
INFO: [USF-XSim-8] Loading simulator feature
Time resolution is 1 ps
source tb_output1.tcl
# set curr_wave [current_wave_config]
# if { [string length $curr_wave] == 0 } {
#   if { [llength [get_objects]] > 0} {
#     add_wave /
#     set_property needs_save false [current_wave_config]
#   } else {
#      send_msg_id Add_Wave-1 WARNING "No top level signals found. Simulator will start without a wave window. If you want to open a wave window go to 'File->New Waveform Configuration' or type 'create_wave_config' in the TCL console."
#   }
# }
# run 1000ns
INFO: [USF-XSim-96] XSim completed. Design snapshot 'tb_output1_behav' loaded.
INFO: [USF-XSim-97] XSim simulation ran for 1000ns
launch_simulation: Time (s): cpu = 00:00:00 ; elapsed = 00:00:06 . Memory (MB): peak = 2776.008 ; gain = 0.000
close_sim
WARNING: [filemgmt 56-199] Attempt to get parsing info during refresh. "On-the-fly" syntax checking information may be incorrect. [C:\vivadoproject\project_32\project_32.srcs\sources_1\new\a.v:]
WARNING: [filemgmt 56-199] Attempt to get parsing info during refresh. "On-the-fly" syntax checking information may be incorrect. [C:\vivadoproject\project_32\project_32.srcs\sim_1\new\w.v:]
WARNING: [filemgmt 56-199] Attempt to get parsing info during refresh. "On-the-fly" syntax checking information may be incorrect. [C:\vivadoproject\project_32\project_32.srcs\sim_1\new\w.v:]
WARNING: [filemgmt 56-199] Attempt to get parsing info during refresh. "On-the-fly" syntax checking information may be incorrect. [C:\vivadoproject\project_32\project_32.srcs\sim_1\new\w.v:]
INFO: [Simtcl 6-16] Simulation closed
ERROR: [Common 17-180] Spawn failed: No error
launch_simulation
Command: launch_simulation 
INFO: [Vivado 12-12493] Simulation top is 'tb_output1'
WARNING: [Vivado 12-13340] Unable to auto find GCC executables from simulator install path! (path not set)
INFO: [Vivado 12-5682] Launching behavioral simulation in 'C:/vivadoproject/project_32/project_32.sim/sim_1/behav/xsim'
INFO: [SIM-utils-51] Simulation object is 'sim_1'
INFO: [SIM-utils-72] Using boost library from 'C:/Xilinx/Vivado/2024.1/tps/boost_1_72_0'
INFO: [SIM-utils-54] Inspecting design source files for 'tb_output1' in fileset 'sim_1'...
INFO: [USF-XSim-97] Finding global include files...
INFO: [USF-XSim-98] Fetching design files from 'sim_1'...
INFO: [USF-XSim-2] XSim::Compile design
INFO: [USF-XSim-61] Executing 'COMPILE and ANALYZE' step in 'C:/vivadoproject/project_32/project_32.sim/sim_1/behav/xsim'
"xvlog --incr --relax -prj tb_output1_vlog.prj"
INFO: [VRFC 10-2263] Analyzing Verilog file "C:/vivadoproject/project_32/project_32.srcs/sources_1/new/a.v" into library xil_defaultlib
INFO: [VRFC 10-311] analyzing module bcd_up
INFO: [VRFC 10-2263] Analyzing Verilog file "C:/vivadoproject/project_32/project_32.srcs/sim_1/new/w.v" into library xil_defaultlib
INFO: [VRFC 10-311] analyzing module tb_output1
INFO: [USF-XSim-69] 'compile' step finished in '2' seconds
INFO: [USF-XSim-3] XSim::Elaborate design
INFO: [USF-XSim-61] Executing 'ELABORATE' step in 'C:/vivadoproject/project_32/project_32.sim/sim_1/behav/xsim'
"xelab --incr --debug typical --relax --mt 2 -L xil_defaultlib -L unisims_ver -L unimacro_ver -L secureip --snapshot tb_output1_behav xil_defaultlib.tb_output1 xil_defaultlib.glbl -log elaborate.log"
Vivado Simulator v2024.1
Copyright 1986-2022 Xilinx, Inc. All Rights Reserved.
Copyright 2022-2024 Advanced Micro Devices, Inc. All Rights Reserved.
Running: C:/Xilinx/Vivado/2024.1/bin/unwrapped/win64.o/xelab.exe --incr --debug typical --relax --mt 2 -L xil_defaultlib -L unisims_ver -L unimacro_ver -L secureip --snapshot tb_output1_behav xil_defaultlib.tb_output1 xil_defaultlib.glbl -log elaborate.log 
Using 2 slave threads.
Starting static elaboration
Pass Through NonSizing Optimizer
Completed static elaboration
Starting simulation data flow analysis
WARNING: [XSIM 43-4099] "C:/vivadoproject/project_32/project_32.srcs/sources_1/new/a.v" Line 1. Module bcd_up doesn't have a timescale but at least one module in design has a timescale.
WARNING: [XSIM 43-4099] "C:/vivadoproject/project_32/project_32.srcs/sources_1/new/a.v" Line 1. Module bcd_up doesn't have a timescale but at least one module in design has a timescale.
Completed simulation data flow analysis
Time Resolution for simulation is 1ps
Compiling module xil_defaultlib.bcd_up
Compiling module xil_defaultlib.tb_output1
Compiling module xil_defaultlib.glbl
Built simulation snapshot tb_output1_behav
INFO: [USF-XSim-69] 'elaborate' step finished in '1' seconds
INFO: [USF-XSim-4] XSim::Simulate design
INFO: [USF-XSim-61] Executing 'SIMULATE' step in 'C:/vivadoproject/project_32/project_32.sim/sim_1/behav/xsim'
INFO: [USF-XSim-98] *** Running xsim
   with args "tb_output1_behav -key {Behavioral:sim_1:Functional:tb_output1} -tclbatch {tb_output1.tcl} -log {simulate.log}"
INFO: [USF-XSim-8] Loading simulator feature
Time resolution is 1 ps
source tb_output1.tcl
# set curr_wave [current_wave_config]
# if { [string length $curr_wave] == 0 } {
#   if { [llength [get_objects]] > 0} {
#     add_wave /
#     set_property needs_save false [current_wave_config]
#   } else {
#      send_msg_id Add_Wave-1 WARNING "No top level signals found. Simulator will start without a wave window. If you want to open a wave window go to 'File->New Waveform Configuration' or type 'create_wave_config' in the TCL console."
#   }
# }
# run 1000ns
INFO: [USF-XSim-96] XSim completed. Design snapshot 'tb_output1_behav' loaded.
INFO: [USF-XSim-97] XSim simulation ran for 1000ns
launch_simulation: Time (s): cpu = 00:00:01 ; elapsed = 00:00:06 . Memory (MB): peak = 2776.008 ; gain = 0.000
close_sim
WARNING: [filemgmt 56-199] Attempt to get parsing info during refresh. "On-the-fly" syntax checking information may be incorrect. [C:\vivadoproject\project_32\project_32.srcs\sources_1\new\a.v:]
WARNING: [filemgmt 56-199] Attempt to get parsing info during refresh. "On-the-fly" syntax checking information may be incorrect. [C:\vivadoproject\project_32\project_32.srcs\sim_1\new\w.v:]
WARNING: [filemgmt 56-199] Attempt to get parsing info during refresh. "On-the-fly" syntax checking information may be incorrect. [C:\vivadoproject\project_32\project_32.srcs\sim_1\new\w.v:]
WARNING: [filemgmt 56-199] Attempt to get parsing info during refresh. "On-the-fly" syntax checking information may be incorrect. [C:\vivadoproject\project_32\project_32.srcs\sim_1\new\w.v:]
INFO: [Simtcl 6-16] Simulation closed
ERROR: [Common 17-180] Spawn failed: No error
launch_simulation
Command: launch_simulation 
INFO: [Vivado 12-12493] Simulation top is 'tb_output1'
WARNING: [Vivado 12-13340] Unable to auto find GCC executables from simulator install path! (path not set)
INFO: [Vivado 12-5682] Launching behavioral simulation in 'C:/vivadoproject/project_32/project_32.sim/sim_1/behav/xsim'
INFO: [SIM-utils-51] Simulation object is 'sim_1'
INFO: [SIM-utils-72] Using boost library from 'C:/Xilinx/Vivado/2024.1/tps/boost_1_72_0'
INFO: [SIM-utils-54] Inspecting design source files for 'tb_output1' in fileset 'sim_1'...
INFO: [USF-XSim-97] Finding global include files...
INFO: [USF-XSim-98] Fetching design files from 'sim_1'...
INFO: [USF-XSim-2] XSim::Compile design
INFO: [USF-XSim-61] Executing 'COMPILE and ANALYZE' step in 'C:/vivadoproject/project_32/project_32.sim/sim_1/behav/xsim'
"xvlog --incr --relax -prj tb_output1_vlog.prj"
INFO: [VRFC 10-2263] Analyzing Verilog file "C:/vivadoproject/project_32/project_32.srcs/sources_1/new/a.v" into library xil_defaultlib
INFO: [VRFC 10-311] analyzing module bcd_up
INFO: [VRFC 10-2263] Analyzing Verilog file "C:/vivadoproject/project_32/project_32.srcs/sim_1/new/w.v" into library xil_defaultlib
INFO: [VRFC 10-311] analyzing module tb_output1
INFO: [USF-XSim-69] 'compile' step finished in '1' seconds
INFO: [USF-XSim-3] XSim::Elaborate design
INFO: [USF-XSim-61] Executing 'ELABORATE' step in 'C:/vivadoproject/project_32/project_32.sim/sim_1/behav/xsim'
"xelab --incr --debug typical --relax --mt 2 -L xil_defaultlib -L unisims_ver -L unimacro_ver -L secureip --snapshot tb_output1_behav xil_defaultlib.tb_output1 xil_defaultlib.glbl -log elaborate.log"
Vivado Simulator v2024.1
Copyright 1986-2022 Xilinx, Inc. All Rights Reserved.
Copyright 2022-2024 Advanced Micro Devices, Inc. All Rights Reserved.
Running: C:/Xilinx/Vivado/2024.1/bin/unwrapped/win64.o/xelab.exe --incr --debug typical --relax --mt 2 -L xil_defaultlib -L unisims_ver -L unimacro_ver -L secureip --snapshot tb_output1_behav xil_defaultlib.tb_output1 xil_defaultlib.glbl -log elaborate.log 
Using 2 slave threads.
Starting static elaboration
Pass Through NonSizing Optimizer
Completed static elaboration
Starting simulation data flow analysis
WARNING: [XSIM 43-4099] "C:/vivadoproject/project_32/project_32.srcs/sources_1/new/a.v" Line 1. Module bcd_up doesn't have a timescale but at least one module in design has a timescale.
WARNING: [XSIM 43-4099] "C:/vivadoproject/project_32/project_32.srcs/sources_1/new/a.v" Line 1. Module bcd_up doesn't have a timescale but at least one module in design has a timescale.
Completed simulation data flow analysis
Time Resolution for simulation is 1ps
Compiling module xil_defaultlib.bcd_up
Compiling module xil_defaultlib.tb_output1
Compiling module xil_defaultlib.glbl
Built simulation snapshot tb_output1_behav
INFO: [USF-XSim-69] 'elaborate' step finished in '2' seconds
INFO: [USF-XSim-4] XSim::Simulate design
INFO: [USF-XSim-61] Executing 'SIMULATE' step in 'C:/vivadoproject/project_32/project_32.sim/sim_1/behav/xsim'
INFO: [USF-XSim-98] *** Running xsim
   with args "tb_output1_behav -key {Behavioral:sim_1:Functional:tb_output1} -tclbatch {tb_output1.tcl} -log {simulate.log}"
INFO: [USF-XSim-8] Loading simulator feature
Time resolution is 1 ps
source tb_output1.tcl
# set curr_wave [current_wave_config]
# if { [string length $curr_wave] == 0 } {
#   if { [llength [get_objects]] > 0} {
#     add_wave /
#     set_property needs_save false [current_wave_config]
#   } else {
#      send_msg_id Add_Wave-1 WARNING "No top level signals found. Simulator will start without a wave window. If you want to open a wave window go to 'File->New Waveform Configuration' or type 'create_wave_config' in the TCL console."
#   }
# }
# run 1000ns
INFO: [USF-XSim-96] XSim completed. Design snapshot 'tb_output1_behav' loaded.
INFO: [USF-XSim-97] XSim simulation ran for 1000ns
launch_simulation: Time (s): cpu = 00:00:00 ; elapsed = 00:00:06 . Memory (MB): peak = 2776.008 ; gain = 0.000
close_sim
WARNING: [filemgmt 56-199] Attempt to get parsing info during refresh. "On-the-fly" syntax checking information may be incorrect. [C:\vivadoproject\project_32\project_32.srcs\sources_1\new\a.v:]
WARNING: [filemgmt 56-199] Attempt to get parsing info during refresh. "On-the-fly" syntax checking information may be incorrect. [C:\vivadoproject\project_32\project_32.srcs\sim_1\new\w.v:]
WARNING: [filemgmt 56-199] Attempt to get parsing info during refresh. "On-the-fly" syntax checking information may be incorrect. [C:\vivadoproject\project_32\project_32.srcs\sim_1\new\w.v:]
WARNING: [filemgmt 56-199] Attempt to get parsing info during refresh. "On-the-fly" syntax checking information may be incorrect. [C:\vivadoproject\project_32\project_32.srcs\sim_1\new\w.v:]
INFO: [Simtcl 6-16] Simulation closed
ERROR: [Common 17-180] Spawn failed: No error
launch_simulation
Command: launch_simulation 
INFO: [Vivado 12-12493] Simulation top is 'tb_output1'
WARNING: [Vivado 12-13340] Unable to auto find GCC executables from simulator install path! (path not set)
INFO: [Vivado 12-5682] Launching behavioral simulation in 'C:/vivadoproject/project_32/project_32.sim/sim_1/behav/xsim'
INFO: [SIM-utils-51] Simulation object is 'sim_1'
INFO: [SIM-utils-72] Using boost library from 'C:/Xilinx/Vivado/2024.1/tps/boost_1_72_0'
INFO: [SIM-utils-54] Inspecting design source files for 'tb_output1' in fileset 'sim_1'...
INFO: [USF-XSim-97] Finding global include files...
INFO: [USF-XSim-98] Fetching design files from 'sim_1'...
INFO: [USF-XSim-2] XSim::Compile design
INFO: [USF-XSim-61] Executing 'COMPILE and ANALYZE' step in 'C:/vivadoproject/project_32/project_32.sim/sim_1/behav/xsim'
"xvlog --incr --relax -prj tb_output1_vlog.prj"
INFO: [VRFC 10-2263] Analyzing Verilog file "C:/vivadoproject/project_32/project_32.srcs/sources_1/new/a.v" into library xil_defaultlib
INFO: [VRFC 10-311] analyzing module bcd_up
INFO: [VRFC 10-2263] Analyzing Verilog file "C:/vivadoproject/project_32/project_32.srcs/sim_1/new/w.v" into library xil_defaultlib
INFO: [VRFC 10-311] analyzing module tb_output1
INFO: [USF-XSim-69] 'compile' step finished in '1' seconds
INFO: [USF-XSim-3] XSim::Elaborate design
INFO: [USF-XSim-61] Executing 'ELABORATE' step in 'C:/vivadoproject/project_32/project_32.sim/sim_1/behav/xsim'
"xelab --incr --debug typical --relax --mt 2 -L xil_defaultlib -L unisims_ver -L unimacro_ver -L secureip --snapshot tb_output1_behav xil_defaultlib.tb_output1 xil_defaultlib.glbl -log elaborate.log"
Vivado Simulator v2024.1
Copyright 1986-2022 Xilinx, Inc. All Rights Reserved.
Copyright 2022-2024 Advanced Micro Devices, Inc. All Rights Reserved.
Running: C:/Xilinx/Vivado/2024.1/bin/unwrapped/win64.o/xelab.exe --incr --debug typical --relax --mt 2 -L xil_defaultlib -L unisims_ver -L unimacro_ver -L secureip --snapshot tb_output1_behav xil_defaultlib.tb_output1 xil_defaultlib.glbl -log elaborate.log 
Using 2 slave threads.
Starting static elaboration
Pass Through NonSizing Optimizer
Completed static elaboration
Starting simulation data flow analysis
WARNING: [XSIM 43-4099] "C:/vivadoproject/project_32/project_32.srcs/sources_1/new/a.v" Line 1. Module bcd_up doesn't have a timescale but at least one module in design has a timescale.
WARNING: [XSIM 43-4099] "C:/vivadoproject/project_32/project_32.srcs/sources_1/new/a.v" Line 1. Module bcd_up doesn't have a timescale but at least one module in design has a timescale.
Completed simulation data flow analysis
Time Resolution for simulation is 1ps
Compiling module xil_defaultlib.bcd_up
Compiling module xil_defaultlib.tb_output1
Compiling module xil_defaultlib.glbl
Built simulation snapshot tb_output1_behav
INFO: [USF-XSim-69] 'elaborate' step finished in '1' seconds
INFO: [USF-XSim-4] XSim::Simulate design
INFO: [USF-XSim-61] Executing 'SIMULATE' step in 'C:/vivadoproject/project_32/project_32.sim/sim_1/behav/xsim'
INFO: [USF-XSim-98] *** Running xsim
   with args "tb_output1_behav -key {Behavioral:sim_1:Functional:tb_output1} -tclbatch {tb_output1.tcl} -log {simulate.log}"
INFO: [USF-XSim-8] Loading simulator feature
Time resolution is 1 ps
source tb_output1.tcl
# set curr_wave [current_wave_config]
# if { [string length $curr_wave] == 0 } {
#   if { [llength [get_objects]] > 0} {
#     add_wave /
#     set_property needs_save false [current_wave_config]
#   } else {
#      send_msg_id Add_Wave-1 WARNING "No top level signals found. Simulator will start without a wave window. If you want to open a wave window go to 'File->New Waveform Configuration' or type 'create_wave_config' in the TCL console."
#   }
# }
# run 1000ns
INFO: [USF-XSim-96] XSim completed. Design snapshot 'tb_output1_behav' loaded.
INFO: [USF-XSim-97] XSim simulation ran for 1000ns
launch_simulation: Time (s): cpu = 00:00:00 ; elapsed = 00:00:06 . Memory (MB): peak = 2776.008 ; gain = 0.000
close_sim
WARNING: [filemgmt 56-199] Attempt to get parsing info during refresh. "On-the-fly" syntax checking information may be incorrect. [C:\vivadoproject\project_32\project_32.srcs\sources_1\new\a.v:]
WARNING: [filemgmt 56-199] Attempt to get parsing info during refresh. "On-the-fly" syntax checking information may be incorrect. [C:\vivadoproject\project_32\project_32.srcs\sim_1\new\w.v:]
WARNING: [filemgmt 56-199] Attempt to get parsing info during refresh. "On-the-fly" syntax checking information may be incorrect. [C:\vivadoproject\project_32\project_32.srcs\sim_1\new\w.v:]
WARNING: [filemgmt 56-199] Attempt to get parsing info during refresh. "On-the-fly" syntax checking information may be incorrect. [C:\vivadoproject\project_32\project_32.srcs\sim_1\new\w.v:]
INFO: [Simtcl 6-16] Simulation closed
ERROR: [Common 17-180] Spawn failed: No error
launch_simulation
Command: launch_simulation 
INFO: [Vivado 12-12493] Simulation top is 'tb_output1'
WARNING: [Vivado 12-13340] Unable to auto find GCC executables from simulator install path! (path not set)
INFO: [Vivado 12-5682] Launching behavioral simulation in 'C:/vivadoproject/project_32/project_32.sim/sim_1/behav/xsim'
INFO: [SIM-utils-51] Simulation object is 'sim_1'
INFO: [SIM-utils-72] Using boost library from 'C:/Xilinx/Vivado/2024.1/tps/boost_1_72_0'
INFO: [SIM-utils-54] Inspecting design source files for 'tb_output1' in fileset 'sim_1'...
INFO: [USF-XSim-97] Finding global include files...
INFO: [USF-XSim-98] Fetching design files from 'sim_1'...
INFO: [USF-XSim-2] XSim::Compile design
INFO: [USF-XSim-61] Executing 'COMPILE and ANALYZE' step in 'C:/vivadoproject/project_32/project_32.sim/sim_1/behav/xsim'
"xvlog --incr --relax -prj tb_output1_vlog.prj"
INFO: [VRFC 10-2263] Analyzing Verilog file "C:/vivadoproject/project_32/project_32.srcs/sources_1/new/a.v" into library xil_defaultlib
INFO: [VRFC 10-311] analyzing module bcd_up
INFO: [VRFC 10-2263] Analyzing Verilog file "C:/vivadoproject/project_32/project_32.srcs/sim_1/new/w.v" into library xil_defaultlib
INFO: [VRFC 10-311] analyzing module tb_output1
INFO: [USF-XSim-69] 'compile' step finished in '2' seconds
INFO: [USF-XSim-3] XSim::Elaborate design
INFO: [USF-XSim-61] Executing 'ELABORATE' step in 'C:/vivadoproject/project_32/project_32.sim/sim_1/behav/xsim'
"xelab --incr --debug typical --relax --mt 2 -L xil_defaultlib -L unisims_ver -L unimacro_ver -L secureip --snapshot tb_output1_behav xil_defaultlib.tb_output1 xil_defaultlib.glbl -log elaborate.log"
Vivado Simulator v2024.1
Copyright 1986-2022 Xilinx, Inc. All Rights Reserved.
Copyright 2022-2024 Advanced Micro Devices, Inc. All Rights Reserved.
Running: C:/Xilinx/Vivado/2024.1/bin/unwrapped/win64.o/xelab.exe --incr --debug typical --relax --mt 2 -L xil_defaultlib -L unisims_ver -L unimacro_ver -L secureip --snapshot tb_output1_behav xil_defaultlib.tb_output1 xil_defaultlib.glbl -log elaborate.log 
Using 2 slave threads.
Starting static elaboration
Pass Through NonSizing Optimizer
Completed static elaboration
Starting simulation data flow analysis
WARNING: [XSIM 43-4099] "C:/vivadoproject/project_32/project_32.srcs/sources_1/new/a.v" Line 1. Module bcd_up doesn't have a timescale but at least one module in design has a timescale.
WARNING: [XSIM 43-4099] "C:/vivadoproject/project_32/project_32.srcs/sources_1/new/a.v" Line 1. Module bcd_up doesn't have a timescale but at least one module in design has a timescale.
Completed simulation data flow analysis
Time Resolution for simulation is 1ps
Compiling module xil_defaultlib.bcd_up
Compiling module xil_defaultlib.tb_output1
Compiling module xil_defaultlib.glbl
Built simulation snapshot tb_output1_behav
INFO: [USF-XSim-69] 'elaborate' step finished in '1' seconds
INFO: [USF-XSim-4] XSim::Simulate design
INFO: [USF-XSim-61] Executing 'SIMULATE' step in 'C:/vivadoproject/project_32/project_32.sim/sim_1/behav/xsim'
INFO: [USF-XSim-98] *** Running xsim
   with args "tb_output1_behav -key {Behavioral:sim_1:Functional:tb_output1} -tclbatch {tb_output1.tcl} -log {simulate.log}"
INFO: [USF-XSim-8] Loading simulator feature
Time resolution is 1 ps
source tb_output1.tcl
# set curr_wave [current_wave_config]
# if { [string length $curr_wave] == 0 } {
#   if { [llength [get_objects]] > 0} {
#     add_wave /
#     set_property needs_save false [current_wave_config]
#   } else {
#      send_msg_id Add_Wave-1 WARNING "No top level signals found. Simulator will start without a wave window. If you want to open a wave window go to 'File->New Waveform Configuration' or type 'create_wave_config' in the TCL console."
#   }
# }
# run 1000ns
INFO: [USF-XSim-96] XSim completed. Design snapshot 'tb_output1_behav' loaded.
INFO: [USF-XSim-97] XSim simulation ran for 1000ns
launch_simulation: Time (s): cpu = 00:00:00 ; elapsed = 00:00:06 . Memory (MB): peak = 2776.008 ; gain = 0.000
close_sim
WARNING: [filemgmt 56-199] Attempt to get parsing info during refresh. "On-the-fly" syntax checking information may be incorrect. [C:\vivadoproject\project_32\project_32.srcs\sources_1\new\a.v:]
WARNING: [filemgmt 56-199] Attempt to get parsing info during refresh. "On-the-fly" syntax checking information may be incorrect. [C:\vivadoproject\project_32\project_32.srcs\sim_1\new\w.v:]
WARNING: [filemgmt 56-199] Attempt to get parsing info during refresh. "On-the-fly" syntax checking information may be incorrect. [C:\vivadoproject\project_32\project_32.srcs\sim_1\new\w.v:]
WARNING: [filemgmt 56-199] Attempt to get parsing info during refresh. "On-the-fly" syntax checking information may be incorrect. [C:\vivadoproject\project_32\project_32.srcs\sim_1\new\w.v:]
INFO: [Simtcl 6-16] Simulation closed
ERROR: [Common 17-180] Spawn failed: No error
launch_simulation
Command: launch_simulation 
INFO: [Vivado 12-12493] Simulation top is 'tb_output1'
WARNING: [Vivado 12-13340] Unable to auto find GCC executables from simulator install path! (path not set)
INFO: [Vivado 12-5682] Launching behavioral simulation in 'C:/vivadoproject/project_32/project_32.sim/sim_1/behav/xsim'
INFO: [SIM-utils-51] Simulation object is 'sim_1'
INFO: [SIM-utils-72] Using boost library from 'C:/Xilinx/Vivado/2024.1/tps/boost_1_72_0'
INFO: [SIM-utils-54] Inspecting design source files for 'tb_output1' in fileset 'sim_1'...
INFO: [USF-XSim-97] Finding global include files...
INFO: [USF-XSim-98] Fetching design files from 'sim_1'...
INFO: [USF-XSim-2] XSim::Compile design
INFO: [USF-XSim-61] Executing 'COMPILE and ANALYZE' step in 'C:/vivadoproject/project_32/project_32.sim/sim_1/behav/xsim'
"xvlog --incr --relax -prj tb_output1_vlog.prj"
INFO: [VRFC 10-2263] Analyzing Verilog file "C:/vivadoproject/project_32/project_32.srcs/sources_1/new/a.v" into library xil_defaultlib
INFO: [VRFC 10-311] analyzing module bcd_up
INFO: [VRFC 10-2263] Analyzing Verilog file "C:/vivadoproject/project_32/project_32.srcs/sim_1/new/w.v" into library xil_defaultlib
INFO: [VRFC 10-311] analyzing module tb_output1
INFO: [USF-XSim-69] 'compile' step finished in '1' seconds
INFO: [USF-XSim-3] XSim::Elaborate design
INFO: [USF-XSim-61] Executing 'ELABORATE' step in 'C:/vivadoproject/project_32/project_32.sim/sim_1/behav/xsim'
"xelab --incr --debug typical --relax --mt 2 -L xil_defaultlib -L unisims_ver -L unimacro_ver -L secureip --snapshot tb_output1_behav xil_defaultlib.tb_output1 xil_defaultlib.glbl -log elaborate.log"
Vivado Simulator v2024.1
Copyright 1986-2022 Xilinx, Inc. All Rights Reserved.
Copyright 2022-2024 Advanced Micro Devices, Inc. All Rights Reserved.
Running: C:/Xilinx/Vivado/2024.1/bin/unwrapped/win64.o/xelab.exe --incr --debug typical --relax --mt 2 -L xil_defaultlib -L unisims_ver -L unimacro_ver -L secureip --snapshot tb_output1_behav xil_defaultlib.tb_output1 xil_defaultlib.glbl -log elaborate.log 
Using 2 slave threads.
Starting static elaboration
Pass Through NonSizing Optimizer
Completed static elaboration
Starting simulation data flow analysis
WARNING: [XSIM 43-4099] "C:/vivadoproject/project_32/project_32.srcs/sources_1/new/a.v" Line 1. Module bcd_up doesn't have a timescale but at least one module in design has a timescale.
WARNING: [XSIM 43-4099] "C:/vivadoproject/project_32/project_32.srcs/sources_1/new/a.v" Line 1. Module bcd_up doesn't have a timescale but at least one module in design has a timescale.
Completed simulation data flow analysis
Time Resolution for simulation is 1ps
Compiling module xil_defaultlib.bcd_up
Compiling module xil_defaultlib.tb_output1
Compiling module xil_defaultlib.glbl
Built simulation snapshot tb_output1_behav
INFO: [USF-XSim-69] 'elaborate' step finished in '2' seconds
INFO: [USF-XSim-4] XSim::Simulate design
INFO: [USF-XSim-61] Executing 'SIMULATE' step in 'C:/vivadoproject/project_32/project_32.sim/sim_1/behav/xsim'
INFO: [USF-XSim-98] *** Running xsim
   with args "tb_output1_behav -key {Behavioral:sim_1:Functional:tb_output1} -tclbatch {tb_output1.tcl} -log {simulate.log}"
INFO: [USF-XSim-8] Loading simulator feature
Time resolution is 1 ps
source tb_output1.tcl
# set curr_wave [current_wave_config]
# if { [string length $curr_wave] == 0 } {
#   if { [llength [get_objects]] > 0} {
#     add_wave /
#     set_property needs_save false [current_wave_config]
#   } else {
#      send_msg_id Add_Wave-1 WARNING "No top level signals found. Simulator will start without a wave window. If you want to open a wave window go to 'File->New Waveform Configuration' or type 'create_wave_config' in the TCL console."
#   }
# }
# run 1000ns
INFO: [USF-XSim-96] XSim completed. Design snapshot 'tb_output1_behav' loaded.
INFO: [USF-XSim-97] XSim simulation ran for 1000ns
launch_simulation: Time (s): cpu = 00:00:00 ; elapsed = 00:00:06 . Memory (MB): peak = 2776.008 ; gain = 0.000
close_sim
WARNING: [filemgmt 56-199] Attempt to get parsing info during refresh. "On-the-fly" syntax checking information may be incorrect. [C:\vivadoproject\project_32\project_32.srcs\sources_1\new\a.v:]
WARNING: [filemgmt 56-199] Attempt to get parsing info during refresh. "On-the-fly" syntax checking information may be incorrect. [C:\vivadoproject\project_32\project_32.srcs\sim_1\new\w.v:]
WARNING: [filemgmt 56-199] Attempt to get parsing info during refresh. "On-the-fly" syntax checking information may be incorrect. [C:\vivadoproject\project_32\project_32.srcs\sim_1\new\w.v:]
WARNING: [filemgmt 56-199] Attempt to get parsing info during refresh. "On-the-fly" syntax checking information may be incorrect. [C:\vivadoproject\project_32\project_32.srcs\sim_1\new\w.v:]
INFO: [Simtcl 6-16] Simulation closed
ERROR: [Common 17-180] Spawn failed: No error
launch_simulation
Command: launch_simulation 
INFO: [Vivado 12-12493] Simulation top is 'tb_output1'
WARNING: [Vivado 12-13340] Unable to auto find GCC executables from simulator install path! (path not set)
INFO: [Vivado 12-5682] Launching behavioral simulation in 'C:/vivadoproject/project_32/project_32.sim/sim_1/behav/xsim'
INFO: [SIM-utils-51] Simulation object is 'sim_1'
INFO: [SIM-utils-72] Using boost library from 'C:/Xilinx/Vivado/2024.1/tps/boost_1_72_0'
INFO: [SIM-utils-54] Inspecting design source files for 'tb_output1' in fileset 'sim_1'...
INFO: [USF-XSim-97] Finding global include files...
INFO: [USF-XSim-98] Fetching design files from 'sim_1'...
INFO: [USF-XSim-2] XSim::Compile design
INFO: [USF-XSim-61] Executing 'COMPILE and ANALYZE' step in 'C:/vivadoproject/project_32/project_32.sim/sim_1/behav/xsim'
"xvlog --incr --relax -prj tb_output1_vlog.prj"
INFO: [VRFC 10-2263] Analyzing Verilog file "C:/vivadoproject/project_32/project_32.srcs/sources_1/new/a.v" into library xil_defaultlib
INFO: [VRFC 10-311] analyzing module bcd_up
INFO: [VRFC 10-2263] Analyzing Verilog file "C:/vivadoproject/project_32/project_32.srcs/sim_1/new/w.v" into library xil_defaultlib
INFO: [VRFC 10-311] analyzing module tb_output1
INFO: [USF-XSim-69] 'compile' step finished in '1' seconds
INFO: [USF-XSim-3] XSim::Elaborate design
INFO: [USF-XSim-61] Executing 'ELABORATE' step in 'C:/vivadoproject/project_32/project_32.sim/sim_1/behav/xsim'
"xelab --incr --debug typical --relax --mt 2 -L xil_defaultlib -L unisims_ver -L unimacro_ver -L secureip --snapshot tb_output1_behav xil_defaultlib.tb_output1 xil_defaultlib.glbl -log elaborate.log"
Vivado Simulator v2024.1
Copyright 1986-2022 Xilinx, Inc. All Rights Reserved.
Copyright 2022-2024 Advanced Micro Devices, Inc. All Rights Reserved.
Running: C:/Xilinx/Vivado/2024.1/bin/unwrapped/win64.o/xelab.exe --incr --debug typical --relax --mt 2 -L xil_defaultlib -L unisims_ver -L unimacro_ver -L secureip --snapshot tb_output1_behav xil_defaultlib.tb_output1 xil_defaultlib.glbl -log elaborate.log 
Using 2 slave threads.
Starting static elaboration
Pass Through NonSizing Optimizer
Completed static elaboration
Starting simulation data flow analysis
WARNING: [XSIM 43-4099] "C:/vivadoproject/project_32/project_32.srcs/sources_1/new/a.v" Line 1. Module bcd_up doesn't have a timescale but at least one module in design has a timescale.
WARNING: [XSIM 43-4099] "C:/vivadoproject/project_32/project_32.srcs/sources_1/new/a.v" Line 1. Module bcd_up doesn't have a timescale but at least one module in design has a timescale.
Completed simulation data flow analysis
Time Resolution for simulation is 1ps
Compiling module xil_defaultlib.bcd_up
Compiling module xil_defaultlib.tb_output1
Compiling module xil_defaultlib.glbl
Built simulation snapshot tb_output1_behav
INFO: [USF-XSim-69] 'elaborate' step finished in '2' seconds
INFO: [USF-XSim-4] XSim::Simulate design
INFO: [USF-XSim-61] Executing 'SIMULATE' step in 'C:/vivadoproject/project_32/project_32.sim/sim_1/behav/xsim'
INFO: [USF-XSim-98] *** Running xsim
   with args "tb_output1_behav -key {Behavioral:sim_1:Functional:tb_output1} -tclbatch {tb_output1.tcl} -log {simulate.log}"
INFO: [USF-XSim-8] Loading simulator feature
Time resolution is 1 ps
source tb_output1.tcl
# set curr_wave [current_wave_config]
# if { [string length $curr_wave] == 0 } {
#   if { [llength [get_objects]] > 0} {
#     add_wave /
#     set_property needs_save false [current_wave_config]
#   } else {
#      send_msg_id Add_Wave-1 WARNING "No top level signals found. Simulator will start without a wave window. If you want to open a wave window go to 'File->New Waveform Configuration' or type 'create_wave_config' in the TCL console."
#   }
# }
# run 1000ns
INFO: [USF-XSim-96] XSim completed. Design snapshot 'tb_output1_behav' loaded.
INFO: [USF-XSim-97] XSim simulation ran for 1000ns
launch_simulation: Time (s): cpu = 00:00:01 ; elapsed = 00:00:06 . Memory (MB): peak = 2776.008 ; gain = 0.000
close_sim
WARNING: [filemgmt 56-199] Attempt to get parsing info during refresh. "On-the-fly" syntax checking information may be incorrect. [C:\vivadoproject\project_32\project_32.srcs\sources_1\new\a.v:]
WARNING: [filemgmt 56-199] Attempt to get parsing info during refresh. "On-the-fly" syntax checking information may be incorrect. [C:\vivadoproject\project_32\project_32.srcs\sim_1\new\w.v:]
WARNING: [filemgmt 56-199] Attempt to get parsing info during refresh. "On-the-fly" syntax checking information may be incorrect. [C:\vivadoproject\project_32\project_32.srcs\sim_1\new\w.v:]
WARNING: [filemgmt 56-199] Attempt to get parsing info during refresh. "On-the-fly" syntax checking information may be incorrect. [C:\vivadoproject\project_32\project_32.srcs\sim_1\new\w.v:]
INFO: [Simtcl 6-16] Simulation closed
ERROR: [Common 17-180] Spawn failed: No error
launch_simulation
Command: launch_simulation 
INFO: [Vivado 12-12493] Simulation top is 'tb_output1'
WARNING: [Vivado 12-13340] Unable to auto find GCC executables from simulator install path! (path not set)
INFO: [Vivado 12-5682] Launching behavioral simulation in 'C:/vivadoproject/project_32/project_32.sim/sim_1/behav/xsim'
INFO: [SIM-utils-51] Simulation object is 'sim_1'
INFO: [SIM-utils-72] Using boost library from 'C:/Xilinx/Vivado/2024.1/tps/boost_1_72_0'
INFO: [SIM-utils-54] Inspecting design source files for 'tb_output1' in fileset 'sim_1'...
INFO: [USF-XSim-97] Finding global include files...
INFO: [USF-XSim-98] Fetching design files from 'sim_1'...
INFO: [USF-XSim-2] XSim::Compile design
INFO: [USF-XSim-61] Executing 'COMPILE and ANALYZE' step in 'C:/vivadoproject/project_32/project_32.sim/sim_1/behav/xsim'
"xvlog --incr --relax -prj tb_output1_vlog.prj"
INFO: [VRFC 10-2263] Analyzing Verilog file "C:/vivadoproject/project_32/project_32.srcs/sources_1/new/a.v" into library xil_defaultlib
INFO: [VRFC 10-311] analyzing module bcd_up
INFO: [VRFC 10-2263] Analyzing Verilog file "C:/vivadoproject/project_32/project_32.srcs/sim_1/new/w.v" into library xil_defaultlib
INFO: [VRFC 10-311] analyzing module tb_output1
INFO: [USF-XSim-69] 'compile' step finished in '2' seconds
INFO: [USF-XSim-3] XSim::Elaborate design
INFO: [USF-XSim-61] Executing 'ELABORATE' step in 'C:/vivadoproject/project_32/project_32.sim/sim_1/behav/xsim'
"xelab --incr --debug typical --relax --mt 2 -L xil_defaultlib -L unisims_ver -L unimacro_ver -L secureip --snapshot tb_output1_behav xil_defaultlib.tb_output1 xil_defaultlib.glbl -log elaborate.log"
Vivado Simulator v2024.1
Copyright 1986-2022 Xilinx, Inc. All Rights Reserved.
Copyright 2022-2024 Advanced Micro Devices, Inc. All Rights Reserved.
Running: C:/Xilinx/Vivado/2024.1/bin/unwrapped/win64.o/xelab.exe --incr --debug typical --relax --mt 2 -L xil_defaultlib -L unisims_ver -L unimacro_ver -L secureip --snapshot tb_output1_behav xil_defaultlib.tb_output1 xil_defaultlib.glbl -log elaborate.log 
Using 2 slave threads.
Starting static elaboration
Pass Through NonSizing Optimizer
Completed static elaboration
Starting simulation data flow analysis
WARNING: [XSIM 43-4099] "C:/vivadoproject/project_32/project_32.srcs/sources_1/new/a.v" Line 1. Module bcd_up doesn't have a timescale but at least one module in design has a timescale.
WARNING: [XSIM 43-4099] "C:/vivadoproject/project_32/project_32.srcs/sources_1/new/a.v" Line 1. Module bcd_up doesn't have a timescale but at least one module in design has a timescale.
Completed simulation data flow analysis
Time Resolution for simulation is 1ps
Compiling module xil_defaultlib.bcd_up
Compiling module xil_defaultlib.tb_output1
Compiling module xil_defaultlib.glbl
Built simulation snapshot tb_output1_behav
INFO: [USF-XSim-69] 'elaborate' step finished in '2' seconds
INFO: [USF-XSim-4] XSim::Simulate design
INFO: [USF-XSim-61] Executing 'SIMULATE' step in 'C:/vivadoproject/project_32/project_32.sim/sim_1/behav/xsim'
INFO: [USF-XSim-98] *** Running xsim
   with args "tb_output1_behav -key {Behavioral:sim_1:Functional:tb_output1} -tclbatch {tb_output1.tcl} -log {simulate.log}"
INFO: [USF-XSim-8] Loading simulator feature
Time resolution is 1 ps
source tb_output1.tcl
# set curr_wave [current_wave_config]
# if { [string length $curr_wave] == 0 } {
#   if { [llength [get_objects]] > 0} {
#     add_wave /
#     set_property needs_save false [current_wave_config]
#   } else {
#      send_msg_id Add_Wave-1 WARNING "No top level signals found. Simulator will start without a wave window. If you want to open a wave window go to 'File->New Waveform Configuration' or type 'create_wave_config' in the TCL console."
#   }
# }
# run 1000ns
INFO: [USF-XSim-96] XSim completed. Design snapshot 'tb_output1_behav' loaded.
INFO: [USF-XSim-97] XSim simulation ran for 1000ns
launch_simulation: Time (s): cpu = 00:00:00 ; elapsed = 00:00:06 . Memory (MB): peak = 2843.367 ; gain = 0.000
close_sim
WARNING: [filemgmt 56-199] Attempt to get parsing info during refresh. "On-the-fly" syntax checking information may be incorrect. [C:\vivadoproject\project_32\project_32.srcs\sources_1\new\a.v:]
WARNING: [filemgmt 56-199] Attempt to get parsing info during refresh. "On-the-fly" syntax checking information may be incorrect. [C:\vivadoproject\project_32\project_32.srcs\sim_1\new\w.v:]
WARNING: [filemgmt 56-199] Attempt to get parsing info during refresh. "On-the-fly" syntax checking information may be incorrect. [C:\vivadoproject\project_32\project_32.srcs\sim_1\new\w.v:]
WARNING: [filemgmt 56-199] Attempt to get parsing info during refresh. "On-the-fly" syntax checking information may be incorrect. [C:\vivadoproject\project_32\project_32.srcs\sim_1\new\w.v:]
INFO: [Simtcl 6-16] Simulation closed
ERROR: [Common 17-180] Spawn failed: No error
launch_simulation
Command: launch_simulation 
INFO: [Vivado 12-12493] Simulation top is 'tb_output1'
WARNING: [Vivado 12-13340] Unable to auto find GCC executables from simulator install path! (path not set)
INFO: [Vivado 12-5682] Launching behavioral simulation in 'C:/vivadoproject/project_32/project_32.sim/sim_1/behav/xsim'
INFO: [SIM-utils-51] Simulation object is 'sim_1'
INFO: [SIM-utils-72] Using boost library from 'C:/Xilinx/Vivado/2024.1/tps/boost_1_72_0'
INFO: [SIM-utils-54] Inspecting design source files for 'tb_output1' in fileset 'sim_1'...
INFO: [USF-XSim-97] Finding global include files...
INFO: [USF-XSim-98] Fetching design files from 'sim_1'...
INFO: [USF-XSim-2] XSim::Compile design
INFO: [USF-XSim-61] Executing 'COMPILE and ANALYZE' step in 'C:/vivadoproject/project_32/project_32.sim/sim_1/behav/xsim'
"xvlog --incr --relax -prj tb_output1_vlog.prj"
INFO: [VRFC 10-2263] Analyzing Verilog file "C:/vivadoproject/project_32/project_32.srcs/sources_1/new/a.v" into library xil_defaultlib
INFO: [VRFC 10-311] analyzing module bcd_up
INFO: [VRFC 10-2263] Analyzing Verilog file "C:/vivadoproject/project_32/project_32.srcs/sim_1/new/w.v" into library xil_defaultlib
INFO: [VRFC 10-311] analyzing module tb_output1
INFO: [USF-XSim-69] 'compile' step finished in '2' seconds
INFO: [USF-XSim-3] XSim::Elaborate design
INFO: [USF-XSim-61] Executing 'ELABORATE' step in 'C:/vivadoproject/project_32/project_32.sim/sim_1/behav/xsim'
"xelab --incr --debug typical --relax --mt 2 -L xil_defaultlib -L unisims_ver -L unimacro_ver -L secureip --snapshot tb_output1_behav xil_defaultlib.tb_output1 xil_defaultlib.glbl -log elaborate.log"
Vivado Simulator v2024.1
Copyright 1986-2022 Xilinx, Inc. All Rights Reserved.
Copyright 2022-2024 Advanced Micro Devices, Inc. All Rights Reserved.
Running: C:/Xilinx/Vivado/2024.1/bin/unwrapped/win64.o/xelab.exe --incr --debug typical --relax --mt 2 -L xil_defaultlib -L unisims_ver -L unimacro_ver -L secureip --snapshot tb_output1_behav xil_defaultlib.tb_output1 xil_defaultlib.glbl -log elaborate.log 
Using 2 slave threads.
Starting static elaboration
Pass Through NonSizing Optimizer
Completed static elaboration
Starting simulation data flow analysis
WARNING: [XSIM 43-4099] "C:/vivadoproject/project_32/project_32.srcs/sources_1/new/a.v" Line 1. Module bcd_up doesn't have a timescale but at least one module in design has a timescale.
WARNING: [XSIM 43-4099] "C:/vivadoproject/project_32/project_32.srcs/sources_1/new/a.v" Line 1. Module bcd_up doesn't have a timescale but at least one module in design has a timescale.
Completed simulation data flow analysis
Time Resolution for simulation is 1ps
Compiling module xil_defaultlib.bcd_up
Compiling module xil_defaultlib.tb_output1
Compiling module xil_defaultlib.glbl
Built simulation snapshot tb_output1_behav
INFO: [USF-XSim-69] 'elaborate' step finished in '2' seconds
INFO: [USF-XSim-4] XSim::Simulate design
INFO: [USF-XSim-61] Executing 'SIMULATE' step in 'C:/vivadoproject/project_32/project_32.sim/sim_1/behav/xsim'
INFO: [USF-XSim-98] *** Running xsim
   with args "tb_output1_behav -key {Behavioral:sim_1:Functional:tb_output1} -tclbatch {tb_output1.tcl} -log {simulate.log}"
INFO: [USF-XSim-8] Loading simulator feature
Time resolution is 1 ps
source tb_output1.tcl
# set curr_wave [current_wave_config]
# if { [string length $curr_wave] == 0 } {
#   if { [llength [get_objects]] > 0} {
#     add_wave /
#     set_property needs_save false [current_wave_config]
#   } else {
#      send_msg_id Add_Wave-1 WARNING "No top level signals found. Simulator will start without a wave window. If you want to open a wave window go to 'File->New Waveform Configuration' or type 'create_wave_config' in the TCL console."
#   }
# }
# run 1000ns
INFO: [USF-XSim-96] XSim completed. Design snapshot 'tb_output1_behav' loaded.
INFO: [USF-XSim-97] XSim simulation ran for 1000ns
launch_simulation: Time (s): cpu = 00:00:00 ; elapsed = 00:00:06 . Memory (MB): peak = 2904.867 ; gain = 0.000
close_sim
WARNING: [filemgmt 56-199] Attempt to get parsing info during refresh. "On-the-fly" syntax checking information may be incorrect. [C:\vivadoproject\project_32\project_32.srcs\sources_1\new\a.v:]
WARNING: [filemgmt 56-199] Attempt to get parsing info during refresh. "On-the-fly" syntax checking information may be incorrect. [C:\vivadoproject\project_32\project_32.srcs\sim_1\new\w.v:]
WARNING: [filemgmt 56-199] Attempt to get parsing info during refresh. "On-the-fly" syntax checking information may be incorrect. [C:\vivadoproject\project_32\project_32.srcs\sim_1\new\w.v:]
WARNING: [filemgmt 56-199] Attempt to get parsing info during refresh. "On-the-fly" syntax checking information may be incorrect. [C:\vivadoproject\project_32\project_32.srcs\sim_1\new\w.v:]
INFO: [Simtcl 6-16] Simulation closed
ERROR: [Common 17-180] Spawn failed: No error
launch_simulation
Command: launch_simulation 
INFO: [Vivado 12-12493] Simulation top is 'tb_output1'
WARNING: [Vivado 12-13340] Unable to auto find GCC executables from simulator install path! (path not set)
INFO: [Vivado 12-5682] Launching behavioral simulation in 'C:/vivadoproject/project_32/project_32.sim/sim_1/behav/xsim'
INFO: [SIM-utils-51] Simulation object is 'sim_1'
INFO: [SIM-utils-72] Using boost library from 'C:/Xilinx/Vivado/2024.1/tps/boost_1_72_0'
INFO: [SIM-utils-54] Inspecting design source files for 'tb_output1' in fileset 'sim_1'...
INFO: [USF-XSim-97] Finding global include files...
INFO: [USF-XSim-98] Fetching design files from 'sim_1'...
INFO: [USF-XSim-2] XSim::Compile design
INFO: [USF-XSim-61] Executing 'COMPILE and ANALYZE' step in 'C:/vivadoproject/project_32/project_32.sim/sim_1/behav/xsim'
"xvlog --incr --relax -prj tb_output1_vlog.prj"
INFO: [VRFC 10-2263] Analyzing Verilog file "C:/vivadoproject/project_32/project_32.srcs/sources_1/new/a.v" into library xil_defaultlib
INFO: [VRFC 10-311] analyzing module bcd_up
INFO: [VRFC 10-2263] Analyzing Verilog file "C:/vivadoproject/project_32/project_32.srcs/sim_1/new/w.v" into library xil_defaultlib
INFO: [VRFC 10-311] analyzing module tb_output1
INFO: [USF-XSim-69] 'compile' step finished in '2' seconds
INFO: [USF-XSim-3] XSim::Elaborate design
INFO: [USF-XSim-61] Executing 'ELABORATE' step in 'C:/vivadoproject/project_32/project_32.sim/sim_1/behav/xsim'
"xelab --incr --debug typical --relax --mt 2 -L xil_defaultlib -L unisims_ver -L unimacro_ver -L secureip --snapshot tb_output1_behav xil_defaultlib.tb_output1 xil_defaultlib.glbl -log elaborate.log"
Vivado Simulator v2024.1
Copyright 1986-2022 Xilinx, Inc. All Rights Reserved.
Copyright 2022-2024 Advanced Micro Devices, Inc. All Rights Reserved.
Running: C:/Xilinx/Vivado/2024.1/bin/unwrapped/win64.o/xelab.exe --incr --debug typical --relax --mt 2 -L xil_defaultlib -L unisims_ver -L unimacro_ver -L secureip --snapshot tb_output1_behav xil_defaultlib.tb_output1 xil_defaultlib.glbl -log elaborate.log 
Using 2 slave threads.
Starting static elaboration
Pass Through NonSizing Optimizer
Completed static elaboration
Starting simulation data flow analysis
WARNING: [XSIM 43-4099] "C:/vivadoproject/project_32/project_32.srcs/sources_1/new/a.v" Line 1. Module bcd_up doesn't have a timescale but at least one module in design has a timescale.
WARNING: [XSIM 43-4099] "C:/vivadoproject/project_32/project_32.srcs/sources_1/new/a.v" Line 1. Module bcd_up doesn't have a timescale but at least one module in design has a timescale.
Completed simulation data flow analysis
Time Resolution for simulation is 1ps
Compiling module xil_defaultlib.bcd_up
Compiling module xil_defaultlib.tb_output1
Compiling module xil_defaultlib.glbl
Built simulation snapshot tb_output1_behav
INFO: [USF-XSim-69] 'elaborate' step finished in '1' seconds
INFO: [USF-XSim-4] XSim::Simulate design
INFO: [USF-XSim-61] Executing 'SIMULATE' step in 'C:/vivadoproject/project_32/project_32.sim/sim_1/behav/xsim'
INFO: [USF-XSim-98] *** Running xsim
   with args "tb_output1_behav -key {Behavioral:sim_1:Functional:tb_output1} -tclbatch {tb_output1.tcl} -log {simulate.log}"
INFO: [USF-XSim-8] Loading simulator feature
Time resolution is 1 ps
source tb_output1.tcl
# set curr_wave [current_wave_config]
# if { [string length $curr_wave] == 0 } {
#   if { [llength [get_objects]] > 0} {
#     add_wave /
#     set_property needs_save false [current_wave_config]
#   } else {
#      send_msg_id Add_Wave-1 WARNING "No top level signals found. Simulator will start without a wave window. If you want to open a wave window go to 'File->New Waveform Configuration' or type 'create_wave_config' in the TCL console."
#   }
# }
# run 1000ns
INFO: [USF-XSim-96] XSim completed. Design snapshot 'tb_output1_behav' loaded.
INFO: [USF-XSim-97] XSim simulation ran for 1000ns
launch_simulation: Time (s): cpu = 00:00:00 ; elapsed = 00:00:06 . Memory (MB): peak = 2904.867 ; gain = 0.000
WARNING: [Board 49-26] cannot add Board Part xilinx.com:ac701:part0:1.4 available at C:/Xilinx/Vivado/2024.1/data/xhub/boards/XilinxBoardStore/boards/Xilinx/ac701/1.4/board.xml as part xc7a200tfbg676-2 specified in board_part file is either invalid or not available
WARNING: [Board 49-26] cannot add Board Part xilinx.com:k24c:part0:1.0 available at C:/Xilinx/Vivado/2024.1/data/xhub/boards/XilinxBoardStore/boards/Xilinx/k24c/1.0/board.xml as part xck24-ubva530-2lv-c specified in board_part file is either invalid or not available
WARNING: [Board 49-26] cannot add Board Part xilinx.com:k24i:part0:1.0 available at C:/Xilinx/Vivado/2024.1/data/xhub/boards/XilinxBoardStore/boards/Xilinx/k24i/1.0/board.xml as part xck24-ubva530-2lvi-i specified in board_part file is either invalid or not available
WARNING: [Board 49-26] cannot add Board Part xilinx.com:k26c:part0:1.2 available at C:/Xilinx/Vivado/2024.1/data/xhub/boards/XilinxBoardStore/boards/Xilinx/k26c/1.2/board.xml as part xck26-sfvc784-2lv-c specified in board_part file is either invalid or not available
WARNING: [Board 49-26] cannot add Board Part xilinx.com:k26c:part0:1.3 available at C:/Xilinx/Vivado/2024.1/data/xhub/boards/XilinxBoardStore/boards/Xilinx/k26c/1.3/board.xml as part xck26-sfvc784-2lv-c specified in board_part file is either invalid or not available
WARNING: [Board 49-26] cannot add Board Part xilinx.com:k26c:part0:1.4 available at C:/Xilinx/Vivado/2024.1/data/xhub/boards/XilinxBoardStore/boards/Xilinx/k26c/1.4/board.xml as part xck26-sfvc784-2lv-c specified in board_part file is either invalid or not available
WARNING: [Board 49-26] cannot add Board Part xilinx.com:k26i:part0:1.2 available at C:/Xilinx/Vivado/2024.1/data/xhub/boards/XilinxBoardStore/boards/Xilinx/k26i/1.2/board.xml as part xck26-sfvc784-2lvi-i specified in board_part file is either invalid or not available
WARNING: [Board 49-26] cannot add Board Part xilinx.com:k26i:part0:1.3 available at C:/Xilinx/Vivado/2024.1/data/xhub/boards/XilinxBoardStore/boards/Xilinx/k26i/1.3/board.xml as part xck26-sfvc784-2lvi-i specified in board_part file is either invalid or not available
WARNING: [Board 49-26] cannot add Board Part xilinx.com:k26i:part0:1.4 available at C:/Xilinx/Vivado/2024.1/data/xhub/boards/XilinxBoardStore/boards/Xilinx/k26i/1.4/board.xml as part xck26-sfvc784-2lvi-i specified in board_part file is either invalid or not available
WARNING: [Board 49-26] cannot add Board Part xilinx.com:kc705:part0:1.6 available at C:/Xilinx/Vivado/2024.1/data/xhub/boards/XilinxBoardStore/boards/Xilinx/kc705/1.6/board.xml as part xc7k325tffg900-2 specified in board_part file is either invalid or not available
WARNING: [Board 49-26] cannot add Board Part xilinx.com:kcu105:part0:1.6 available at C:/Xilinx/Vivado/2024.1/data/xhub/boards/XilinxBoardStore/boards/Xilinx/kcu105/1.6/board.xml as part xcku040-ffva1156-2-e specified in board_part file is either invalid or not available
WARNING: [Board 49-26] cannot add Board Part xilinx.com:kcu105:part0:1.7 available at C:/Xilinx/Vivado/2024.1/data/xhub/boards/XilinxBoardStore/boards/Xilinx/kcu105/1.7/board.xml as part xcku040-ffva1156-2-e specified in board_part file is either invalid or not available
WARNING: [Board 49-26] cannot add Board Part xilinx.com:kcu116:part0:1.4 available at C:/Xilinx/Vivado/2024.1/data/xhub/boards/XilinxBoardStore/boards/Xilinx/kcu116/1.4/board.xml as part xcku5p-ffvb676-2-e specified in board_part file is either invalid or not available
WARNING: [Board 49-26] cannot add Board Part xilinx.com:kcu116:part0:1.5 available at C:/Xilinx/Vivado/2024.1/data/xhub/boards/XilinxBoardStore/boards/Xilinx/kcu116/1.5/board.xml as part xcku5p-ffvb676-2-e specified in board_part file is either invalid or not available
WARNING: [Board 49-26] cannot add Board Part xilinx.com:kcu1500:part0:1.2 available at C:/Xilinx/Vivado/2024.1/data/xhub/boards/XilinxBoardStore/boards/Xilinx/kcu1500/1.2/board.xml as part xcku115-flvb2104-2-e specified in board_part file is either invalid or not available
WARNING: [Board 49-26] cannot add Board Part xilinx.com:kd240_som:part0:1.0 available at C:/Xilinx/Vivado/2024.1/data/xhub/boards/XilinxBoardStore/boards/Xilinx/kd240_som/1.0/board.xml as part xck24-ubva530-2lv-c specified in board_part file is either invalid or not available
WARNING: [Board 49-26] cannot add Board Part xilinx.com:kr260_som:part0:1.0 available at C:/Xilinx/Vivado/2024.1/data/xhub/boards/XilinxBoardStore/boards/Xilinx/kr260_som/1.0/board.xml as part xck26-sfvc784-2lv-c specified in board_part file is either invalid or not available
WARNING: [Board 49-26] cannot add Board Part xilinx.com:kr260_som:part0:1.1 available at C:/Xilinx/Vivado/2024.1/data/xhub/boards/XilinxBoardStore/boards/Xilinx/kr260_som/1.1/board.xml as part xck26-sfvc784-2lv-c specified in board_part file is either invalid or not available
WARNING: [Board 49-26] cannot add Board Part xilinx.com:kv260_som:part0:1.2 available at C:/Xilinx/Vivado/2024.1/data/xhub/boards/XilinxBoardStore/boards/Xilinx/kv260_som/1.2/board.xml as part xck26-sfvc784-2lv-c specified in board_part file is either invalid or not available
WARNING: [Board 49-26] cannot add Board Part xilinx.com:kv260_som:part0:1.3 available at C:/Xilinx/Vivado/2024.1/data/xhub/boards/XilinxBoardStore/boards/Xilinx/kv260_som/1.3/board.xml as part xck26-sfvc784-2lv-c specified in board_part file is either invalid or not available
WARNING: [Board 49-26] cannot add Board Part xilinx.com:kv260_som:part0:1.4 available at C:/Xilinx/Vivado/2024.1/data/xhub/boards/XilinxBoardStore/boards/Xilinx/kv260_som/1.4/board.xml as part xck26-sfvc784-2lv-c specified in board_part file is either invalid or not available
WARNING: [Board 49-26] cannot add Board Part xilinx.com:vc707:part0:1.4 available at C:/Xilinx/Vivado/2024.1/data/xhub/boards/XilinxBoardStore/boards/Xilinx/vc707/1.4/board.xml as part xc7vx485tffg1761-2 specified in board_part file is either invalid or not available
WARNING: [Board 49-26] cannot add Board Part xilinx.com:vc709:part0:1.8 available at C:/Xilinx/Vivado/2024.1/data/xhub/boards/XilinxBoardStore/boards/Xilinx/vc709/1.8/board.xml as part xc7vx690tffg1761-2 specified in board_part file is either invalid or not available
WARNING: [Board 49-26] cannot add Board Part xilinx.com:vck190:part0:2.2 available at C:/Xilinx/Vivado/2024.1/data/xhub/boards/XilinxBoardStore/boards/Xilinx/vck190/production/2.2/board.xml as part xcvc1902-vsva2197-2mp-e-s specified in board_part file is either invalid or not available
WARNING: [Board 49-26] cannot add Board Part xilinx.com:vck190:part0:3.0 available at C:/Xilinx/Vivado/2024.1/data/xhub/boards/XilinxBoardStore/boards/Xilinx/vck190/production/3.0/board.xml as part xcvc1902-vsva2197-2mp-e-s specified in board_part file is either invalid or not available
WARNING: [Board 49-26] cannot add Board Part xilinx.com:vck190:part0:3.1 available at C:/Xilinx/Vivado/2024.1/data/xhub/boards/XilinxBoardStore/boards/Xilinx/vck190/production/3.1/board.xml as part xcvc1902-vsva2197-2mp-e-s specified in board_part file is either invalid or not available
WARNING: [Board 49-26] cannot add Board Part xilinx.com:vck190:part0:3.2 available at C:/Xilinx/Vivado/2024.1/data/xhub/boards/XilinxBoardStore/boards/Xilinx/vck190/production/3.2/board.xml as part xcvc1902-vsva2197-2mp-e-s specified in board_part file is either invalid or not available
WARNING: [Board 49-26] cannot add Board Part xilinx.com:vck190:part0:3.3 available at C:/Xilinx/Vivado/2024.1/data/xhub/boards/XilinxBoardStore/boards/Xilinx/vck190/production/3.3/board.xml as part xcvc1902-vsva2197-2mp-e-s specified in board_part file is either invalid or not available
WARNING: [Board 49-26] cannot add Board Part xilinx.com:vck190_newl:part0:1.0 available at C:/Xilinx/Vivado/2024.1/data/xhub/boards/XilinxBoardStore/boards/Xilinx/vck190_newl/production/1.0/board.xml as part xcvc1902-vsva2197-2mp-e-s specified in board_part file is either invalid or not available
WARNING: [Board 49-26] cannot add Board Part xilinx.com:vck190_newl:part0:1.1 available at C:/Xilinx/Vivado/2024.1/data/xhub/boards/XilinxBoardStore/boards/Xilinx/vck190_newl/production/1.1/board.xml as part xcvc1902-vsva2197-2mp-e-s specified in board_part file is either invalid or not available
WARNING: [Board 49-26] cannot add Board Part xilinx.com:vck190_newl:part0:1.2 available at C:/Xilinx/Vivado/2024.1/data/xhub/boards/XilinxBoardStore/boards/Xilinx/vck190_newl/production/1.2/board.xml as part xcvc1902-vsva2197-2mp-e-s specified in board_part file is either invalid or not available
WARNING: [Board 49-26] cannot add Board Part xilinx.com:vcu108:part0:1.6 available at C:/Xilinx/Vivado/2024.1/data/xhub/boards/XilinxBoardStore/boards/Xilinx/vcu108/1.6/board.xml as part xcvu095-ffva2104-2-e specified in board_part file is either invalid or not available
WARNING: [Board 49-26] cannot add Board Part xilinx.com:vcu108:part0:1.7 available at C:/Xilinx/Vivado/2024.1/data/xhub/boards/XilinxBoardStore/boards/Xilinx/vcu108/1.7/board.xml as part xcvu095-ffva2104-2-e specified in board_part file is either invalid or not available
WARNING: [Board 49-26] cannot add Board Part xilinx.com:vcu110:part0:1.4 available at C:/Xilinx/Vivado/2024.1/data/xhub/boards/XilinxBoardStore/boards/Xilinx/vcu110/1.4/board.xml as part xcvu190-flgc2104-2-e specified in board_part file is either invalid or not available
WARNING: [Board 49-26] cannot add Board Part xilinx.com:vcu118:part0:2.0 available at C:/Xilinx/Vivado/2024.1/data/xhub/boards/XilinxBoardStore/boards/Xilinx/vcu118/2.0/board.xml as part xcvu9p-flga2104-2l-e specified in board_part file is either invalid or not available
WARNING: [Board 49-26] cannot add Board Part xilinx.com:vcu118:part0:2.3 available at C:/Xilinx/Vivado/2024.1/data/xhub/boards/XilinxBoardStore/boards/Xilinx/vcu118/2.3/board.xml as part xcvu9p-flga2104-2l-e specified in board_part file is either invalid or not available
WARNING: [Board 49-26] cannot add Board Part xilinx.com:vcu118:part0:2.4 available at C:/Xilinx/Vivado/2024.1/data/xhub/boards/XilinxBoardStore/boards/Xilinx/vcu118/2.4/board.xml as part xcvu9p-flga2104-2l-e specified in board_part file is either invalid or not available
WARNING: [Board 49-26] cannot add Board Part xilinx.com:vcu128:part0:1.0 available at C:/Xilinx/Vivado/2024.1/data/xhub/boards/XilinxBoardStore/boards/Xilinx/vcu128/production/1.0/board.xml as part xcvu37p-fsvh2892-2l-e specified in board_part file is either invalid or not available
WARNING: [Board 49-26] cannot add Board Part xilinx.com:vcu129:part0:1.0 available at C:/Xilinx/Vivado/2024.1/data/xhub/boards/XilinxBoardStore/boards/Xilinx/vcu129/production/1.0/board.xml as part xcvu29p-fsga2577-2l-e specified in board_part file is either invalid or not available
WARNING: [Board 49-26] cannot add Board Part xilinx.com:vcu1525:part0:1.3 available at C:/Xilinx/Vivado/2024.1/data/xhub/boards/XilinxBoardStore/boards/Xilinx/vcu1525/1.3/board.xml as part xcvu9p-fsgd2104-2l-e specified in board_part file is either invalid or not available
WARNING: [Board 49-26] cannot add Board Part xilinx.com:vek280:part0:1.0 available at C:/Xilinx/Vivado/2024.1/data/xhub/boards/XilinxBoardStore/boards/Xilinx/vek280/production/1.0/board.xml as part xcve2802-vsvh1760-2mp-e-s specified in board_part file is either invalid or not available
WARNING: [Board 49-26] cannot add Board Part xilinx.com:vek280:part0:1.1 available at C:/Xilinx/Vivado/2024.1/data/xhub/boards/XilinxBoardStore/boards/Xilinx/vek280/production/1.1/board.xml as part xcve2802-vsvh1760-2mp-e-s specified in board_part file is either invalid or not available
WARNING: [Board 49-26] cannot add Board Part xilinx.com:vek280:part0:1.2 available at C:/Xilinx/Vivado/2024.1/data/xhub/boards/XilinxBoardStore/boards/Xilinx/vek280/production/1.2/board.xml as part xcve2802-vsvh1760-2mp-e-s specified in board_part file is either invalid or not available
WARNING: [Board 49-26] cannot add Board Part xilinx.com:vek280_es:part0:1.0 available at C:/Xilinx/Vivado/2024.1/data/xhub/boards/XilinxBoardStore/boards/Xilinx/vek280/es/rev_a/1.0/board.xml as part xcve2802-vsvh1760-2lp-e-s-es1 specified in board_part file is either invalid or not available
WARNING: [Board 49-26] cannot add Board Part xilinx.com:vek280_es:part0:1.1 available at C:/Xilinx/Vivado/2024.1/data/xhub/boards/XilinxBoardStore/boards/Xilinx/vek280/es/rev_a/1.1/board.xml as part xcve2802-vsvh1760-2lp-e-s-es1 specified in board_part file is either invalid or not available
WARNING: [Board 49-26] cannot add Board Part xilinx.com:vek280_es_revb:part0:1.0 available at C:/Xilinx/Vivado/2024.1/data/xhub/boards/XilinxBoardStore/boards/Xilinx/vek280/es/rev_b/1.0/board.xml as part xcve2802-vsvh1760-2mp-e-s-es1 specified in board_part file is either invalid or not available
WARNING: [Board 49-26] cannot add Board Part xilinx.com:vek280_es_revb:part0:1.1 available at C:/Xilinx/Vivado/2024.1/data/xhub/boards/XilinxBoardStore/boards/Xilinx/vek280/es/rev_b/1.1/board.xml as part xcve2802-vsvh1760-2mp-e-s-es1 specified in board_part file is either invalid or not available
WARNING: [Board 49-26] cannot add Board Part xilinx.com:vermeo_t1_mpsoc:part0:1.0 available at C:/Xilinx/Vivado/2024.1/data/xhub/boards/XilinxBoardStore/boards/Xilinx/vermeo_t1_mpsoc/1.0/board.xml as part xczu19eg-ffvd1760-2l-e specified in board_part file is either invalid or not available
WARNING: [Board 49-26] cannot add Board Part xilinx.com:vermeo_t1_rfsoc:part0:1.0 available at C:/Xilinx/Vivado/2024.1/data/xhub/boards/XilinxBoardStore/boards/Xilinx/vermeo_t1_rfsoc/1.0/board.xml as part xczu21dr-ffvd1156-2l-e specified in board_part file is either invalid or not available
WARNING: [Board 49-26] cannot add Board Part xilinx.com:vhk158:part0:1.0 available at C:/Xilinx/Vivado/2024.1/data/xhub/boards/XilinxBoardStore/boards/Xilinx/vhk158/production/1.0/board.xml as part xcvh1582-vsva3697-2mp-e-s specified in board_part file is either invalid or not available
WARNING: [Board 49-26] cannot add Board Part xilinx.com:vhk158:part0:1.1 available at C:/Xilinx/Vivado/2024.1/data/xhub/boards/XilinxBoardStore/boards/Xilinx/vhk158/production/1.1/board.xml as part xcvh1582-vsva3697-2mp-e-s specified in board_part file is either invalid or not available
WARNING: [Board 49-26] cannot add Board Part xilinx.com:vhk158_es:part0:1.0 available at C:/Xilinx/Vivado/2024.1/data/xhub/boards/XilinxBoardStore/boards/Xilinx/vhk158/es/1.0/board.xml as part xcvh1582-vsva3697-2mp-e-s-es1 specified in board_part file is either invalid or not available
WARNING: [Board 49-26] cannot add Board Part xilinx.com:vhk158_es:part0:1.1 available at C:/Xilinx/Vivado/2024.1/data/xhub/boards/XilinxBoardStore/boards/Xilinx/vhk158/es/1.1/board.xml as part xcvh1582-vsva3697-2mp-e-s-es1 specified in board_part file is either invalid or not available
WARNING: [Board 49-26] cannot add Board Part xilinx.com:vmk180:part0:2.2 available at C:/Xilinx/Vivado/2024.1/data/xhub/boards/XilinxBoardStore/boards/Xilinx/vmk180/production/2.2/board.xml as part xcvm1802-vsva2197-2mp-e-s specified in board_part file is either invalid or not available
WARNING: [Board 49-26] cannot add Board Part xilinx.com:vmk180:part0:3.0 available at C:/Xilinx/Vivado/2024.1/data/xhub/boards/XilinxBoardStore/boards/Xilinx/vmk180/production/3.0/board.xml as part xcvm1802-vsva2197-2mp-e-s specified in board_part file is either invalid or not available
WARNING: [Board 49-26] cannot add Board Part xilinx.com:vmk180:part0:3.1 available at C:/Xilinx/Vivado/2024.1/data/xhub/boards/XilinxBoardStore/boards/Xilinx/vmk180/production/3.1/board.xml as part xcvm1802-vsva2197-2mp-e-s specified in board_part file is either invalid or not available
WARNING: [Board 49-26] cannot add Board Part xilinx.com:vmk180:part0:3.2 available at C:/Xilinx/Vivado/2024.1/data/xhub/boards/XilinxBoardStore/boards/Xilinx/vmk180/production/3.2/board.xml as part xcvm1802-vsva2197-2mp-e-s specified in board_part file is either invalid or not available
WARNING: [Board 49-26] cannot add Board Part xilinx.com:vmk180_newl:part0:1.0 available at C:/Xilinx/Vivado/2024.1/data/xhub/boards/XilinxBoardStore/boards/Xilinx/vmk180_newl/production/1.0/board.xml as part xcvm1802-vsva2197-2mp-e-s specified in board_part file is either invalid or not available
WARNING: [Board 49-26] cannot add Board Part xilinx.com:vmk180_newl:part0:1.1 available at C:/Xilinx/Vivado/2024.1/data/xhub/boards/XilinxBoardStore/boards/Xilinx/vmk180_newl/production/1.1/board.xml as part xcvm1802-vsva2197-2mp-e-s specified in board_part file is either invalid or not available
WARNING: [Board 49-26] cannot add Board Part xilinx.com:vpk120:part0:1.0 available at C:/Xilinx/Vivado/2024.1/data/xhub/boards/XilinxBoardStore/boards/Xilinx/vpk120/production/1.0/board.xml as part xcvp1202-vsva2785-2mp-e-s specified in board_part file is either invalid or not available
WARNING: [Board 49-26] cannot add Board Part xilinx.com:vpk120:part0:1.1 available at C:/Xilinx/Vivado/2024.1/data/xhub/boards/XilinxBoardStore/boards/Xilinx/vpk120/production/1.1/board.xml as part xcvp1202-vsva2785-2mp-e-s specified in board_part file is either invalid or not available
WARNING: [Board 49-26] cannot add Board Part xilinx.com:vpk120:part0:1.2 available at C:/Xilinx/Vivado/2024.1/data/xhub/boards/XilinxBoardStore/boards/Xilinx/vpk120/production/1.2/board.xml as part xcvp1202-vsva2785-2mp-e-s specified in board_part file is either invalid or not available
WARNING: [Board 49-26] cannot add Board Part xilinx.com:vpk180:part0:1.0 available at C:/Xilinx/Vivado/2024.1/data/xhub/boards/XilinxBoardStore/boards/Xilinx/vpk180/production/1.0/board.xml as part xcvp1802-lsvc4072-2mp-e-s specified in board_part file is either invalid or not available
WARNING: [Board 49-26] cannot add Board Part xilinx.com:vpk180:part0:1.1 available at C:/Xilinx/Vivado/2024.1/data/xhub/boards/XilinxBoardStore/boards/Xilinx/vpk180/production/1.1/board.xml as part xcvp1802-lsvc4072-2mp-e-s specified in board_part file is either invalid or not available
WARNING: [Board 49-26] cannot add Board Part xilinx.com:vpk180:part0:1.2 available at C:/Xilinx/Vivado/2024.1/data/xhub/boards/XilinxBoardStore/boards/Xilinx/vpk180/production/1.2/board.xml as part xcvp1802-lsvc4072-2mp-e-s specified in board_part file is either invalid or not available
WARNING: [Board 49-26] cannot add Board Part xilinx.com:zc702:part0:1.4 available at C:/Xilinx/Vivado/2024.1/data/xhub/boards/XilinxBoardStore/boards/Xilinx/zc702/1.4/board.xml as part xc7z020clg484-1 specified in board_part file is either invalid or not available
WARNING: [Board 49-26] cannot add Board Part xilinx.com:zc706:part0:1.4 available at C:/Xilinx/Vivado/2024.1/data/xhub/boards/XilinxBoardStore/boards/Xilinx/zc706/1.4/board.xml as part xc7z045ffg900-2 specified in board_part file is either invalid or not available
WARNING: [Board 49-26] cannot add Board Part xilinx.com:zcu102:part0:3.3 available at C:/Xilinx/Vivado/2024.1/data/xhub/boards/XilinxBoardStore/boards/Xilinx/zcu102/3.3/board.xml as part xczu9eg-ffvb1156-2-e specified in board_part file is either invalid or not available
WARNING: [Board 49-26] cannot add Board Part xilinx.com:zcu102:part0:3.4 available at C:/Xilinx/Vivado/2024.1/data/xhub/boards/XilinxBoardStore/boards/Xilinx/zcu102/3.4/board.xml as part xczu9eg-ffvb1156-2-e specified in board_part file is either invalid or not available
WARNING: [Board 49-26] cannot add Board Part xilinx.com:zcu104:part0:1.1 available at C:/Xilinx/Vivado/2024.1/data/xhub/boards/XilinxBoardStore/boards/Xilinx/zcu104/1.1/board.xml as part xczu7ev-ffvc1156-2-e specified in board_part file is either invalid or not available
WARNING: [Board 49-26] cannot add Board Part xilinx.com:zcu106:part0:2.4 available at C:/Xilinx/Vivado/2024.1/data/xhub/boards/XilinxBoardStore/boards/Xilinx/zcu106/2.4/board.xml as part xczu7ev-ffvc1156-2-e specified in board_part file is either invalid or not available
WARNING: [Board 49-26] cannot add Board Part xilinx.com:zcu106:part0:2.5 available at C:/Xilinx/Vivado/2024.1/data/xhub/boards/XilinxBoardStore/boards/Xilinx/zcu106/2.5/board.xml as part xczu7ev-ffvc1156-2-e specified in board_part file is either invalid or not available
WARNING: [Board 49-26] cannot add Board Part xilinx.com:zcu106:part0:2.6 available at C:/Xilinx/Vivado/2024.1/data/xhub/boards/XilinxBoardStore/boards/Xilinx/zcu106/2.6/board.xml as part xczu7ev-ffvc1156-2-e specified in board_part file is either invalid or not available
WARNING: [Board 49-26] cannot add Board Part xilinx.com:zcu111:part0:1.2 available at C:/Xilinx/Vivado/2024.1/data/xhub/boards/XilinxBoardStore/boards/Xilinx/zcu111/1.2/board.xml as part xczu28dr-ffvg1517-2-e specified in board_part file is either invalid or not available
WARNING: [Board 49-26] cannot add Board Part xilinx.com:zcu111:part0:1.3 available at C:/Xilinx/Vivado/2024.1/data/xhub/boards/XilinxBoardStore/boards/Xilinx/zcu111/1.3/board.xml as part xczu28dr-ffvg1517-2-e specified in board_part file is either invalid or not available
WARNING: [Board 49-26] cannot add Board Part xilinx.com:zcu111:part0:1.4 available at C:/Xilinx/Vivado/2024.1/data/xhub/boards/XilinxBoardStore/boards/Xilinx/zcu111/1.4/board.xml as part xczu28dr-ffvg1517-2-e specified in board_part file is either invalid or not available
WARNING: [Board 49-26] cannot add Board Part xilinx.com:zcu1275:part0:1.0 available at C:/Xilinx/Vivado/2024.1/data/xhub/boards/XilinxBoardStore/boards/Xilinx/zcu1275/1.0/board.xml as part xczu29dr-ffvf1760-2-e specified in board_part file is either invalid or not available
WARNING: [Board 49-26] cannot add Board Part xilinx.com:zcu1285:part0:1.0 available at C:/Xilinx/Vivado/2024.1/data/xhub/boards/XilinxBoardStore/boards/Xilinx/zcu1285/1.0/board.xml as part xczu39dr-ffvf1760-2-i specified in board_part file is either invalid or not available
WARNING: [Board 49-26] cannot add Board Part xilinx.com:zcu208:part0:2.0 available at C:/Xilinx/Vivado/2024.1/data/xhub/boards/XilinxBoardStore/boards/Xilinx/zcu208/production/2.0/board.xml as part xczu48dr-fsvg1517-2-e specified in board_part file is either invalid or not available
WARNING: [Board 49-26] cannot add Board Part xilinx.com:zcu208ld:part0:2.0 available at C:/Xilinx/Vivado/2024.1/data/xhub/boards/XilinxBoardStore/boards/Xilinx/zcu208ld/production/2.0/board.xml as part xczu58dr-fsvg1517-2-i specified in board_part file is either invalid or not available
WARNING: [Board 49-26] cannot add Board Part xilinx.com:zcu216:part0:2.0 available at C:/Xilinx/Vivado/2024.1/data/xhub/boards/XilinxBoardStore/boards/Xilinx/zcu216/production/2.0/board.xml as part xczu49dr-ffvf1760-2-e specified in board_part file is either invalid or not available
WARNING: [Board 49-26] cannot add Board Part xilinx.com:zcu216ld:part0:2.0 available at C:/Xilinx/Vivado/2024.1/data/xhub/boards/XilinxBoardStore/boards/Xilinx/zcu216ld/production/2.0/board.xml as part xczu59dr-ffvf1760-2-i specified in board_part file is either invalid or not available
WARNING: [Board 49-26] cannot add Board Part xilinx.com:zcu670:part0:2.0 available at C:/Xilinx/Vivado/2024.1/data/xhub/boards/XilinxBoardStore/boards/Xilinx/zcu670/2.0/board.xml as part xczu67dr-fsve1156-2-i specified in board_part file is either invalid or not available
WARNING: [Board 49-26] cannot add Board Part xilinx.com:zcu670ld:part0:1.0 available at C:/Xilinx/Vivado/2024.1/data/xhub/boards/XilinxBoardStore/boards/Xilinx/zcu670ld/1.0/board.xml as part xczu57dr-fsve1156-2-i specified in board_part file is either invalid or not available
WARNING: [Board 49-26] cannot add Board Part xilinx.com:ac701:part0:1.4 available at C:/Xilinx/Vivado/2024.1/data/xhub/boards/XilinxBoardStore/boards/Xilinx/ac701/1.4/board.xml as part xc7a200tfbg676-2 specified in board_part file is either invalid or not available
WARNING: [Board 49-26] cannot add Board Part xilinx.com:k24c:part0:1.0 available at C:/Xilinx/Vivado/2024.1/data/xhub/boards/XilinxBoardStore/boards/Xilinx/k24c/1.0/board.xml as part xck24-ubva530-2lv-c specified in board_part file is either invalid or not available
WARNING: [Board 49-26] cannot add Board Part xilinx.com:k24i:part0:1.0 available at C:/Xilinx/Vivado/2024.1/data/xhub/boards/XilinxBoardStore/boards/Xilinx/k24i/1.0/board.xml as part xck24-ubva530-2lvi-i specified in board_part file is either invalid or not available
WARNING: [Board 49-26] cannot add Board Part xilinx.com:k26c:part0:1.2 available at C:/Xilinx/Vivado/2024.1/data/xhub/boards/XilinxBoardStore/boards/Xilinx/k26c/1.2/board.xml as part xck26-sfvc784-2lv-c specified in board_part file is either invalid or not available
WARNING: [Board 49-26] cannot add Board Part xilinx.com:k26c:part0:1.3 available at C:/Xilinx/Vivado/2024.1/data/xhub/boards/XilinxBoardStore/boards/Xilinx/k26c/1.3/board.xml as part xck26-sfvc784-2lv-c specified in board_part file is either invalid or not available
WARNING: [Board 49-26] cannot add Board Part xilinx.com:k26c:part0:1.4 available at C:/Xilinx/Vivado/2024.1/data/xhub/boards/XilinxBoardStore/boards/Xilinx/k26c/1.4/board.xml as part xck26-sfvc784-2lv-c specified in board_part file is either invalid or not available
WARNING: [Board 49-26] cannot add Board Part xilinx.com:k26i:part0:1.2 available at C:/Xilinx/Vivado/2024.1/data/xhub/boards/XilinxBoardStore/boards/Xilinx/k26i/1.2/board.xml as part xck26-sfvc784-2lvi-i specified in board_part file is either invalid or not available
WARNING: [Board 49-26] cannot add Board Part xilinx.com:k26i:part0:1.3 available at C:/Xilinx/Vivado/2024.1/data/xhub/boards/XilinxBoardStore/boards/Xilinx/k26i/1.3/board.xml as part xck26-sfvc784-2lvi-i specified in board_part file is either invalid or not available
WARNING: [Board 49-26] cannot add Board Part xilinx.com:k26i:part0:1.4 available at C:/Xilinx/Vivado/2024.1/data/xhub/boards/XilinxBoardStore/boards/Xilinx/k26i/1.4/board.xml as part xck26-sfvc784-2lvi-i specified in board_part file is either invalid or not available
WARNING: [Board 49-26] cannot add Board Part xilinx.com:kc705:part0:1.6 available at C:/Xilinx/Vivado/2024.1/data/xhub/boards/XilinxBoardStore/boards/Xilinx/kc705/1.6/board.xml as part xc7k325tffg900-2 specified in board_part file is either invalid or not available
WARNING: [Board 49-26] cannot add Board Part xilinx.com:kcu105:part0:1.6 available at C:/Xilinx/Vivado/2024.1/data/xhub/boards/XilinxBoardStore/boards/Xilinx/kcu105/1.6/board.xml as part xcku040-ffva1156-2-e specified in board_part file is either invalid or not available
WARNING: [Board 49-26] cannot add Board Part xilinx.com:kcu105:part0:1.7 available at C:/Xilinx/Vivado/2024.1/data/xhub/boards/XilinxBoardStore/boards/Xilinx/kcu105/1.7/board.xml as part xcku040-ffva1156-2-e specified in board_part file is either invalid or not available
WARNING: [Board 49-26] cannot add Board Part xilinx.com:kcu116:part0:1.4 available at C:/Xilinx/Vivado/2024.1/data/xhub/boards/XilinxBoardStore/boards/Xilinx/kcu116/1.4/board.xml as part xcku5p-ffvb676-2-e specified in board_part file is either invalid or not available
WARNING: [Board 49-26] cannot add Board Part xilinx.com:kcu116:part0:1.5 available at C:/Xilinx/Vivado/2024.1/data/xhub/boards/XilinxBoardStore/boards/Xilinx/kcu116/1.5/board.xml as part xcku5p-ffvb676-2-e specified in board_part file is either invalid or not available
WARNING: [Board 49-26] cannot add Board Part xilinx.com:kcu1500:part0:1.2 available at C:/Xilinx/Vivado/2024.1/data/xhub/boards/XilinxBoardStore/boards/Xilinx/kcu1500/1.2/board.xml as part xcku115-flvb2104-2-e specified in board_part file is either invalid or not available
WARNING: [Board 49-26] cannot add Board Part xilinx.com:kd240_som:part0:1.0 available at C:/Xilinx/Vivado/2024.1/data/xhub/boards/XilinxBoardStore/boards/Xilinx/kd240_som/1.0/board.xml as part xck24-ubva530-2lv-c specified in board_part file is either invalid or not available
INFO: [Common 17-14] Message 'Board 49-26' appears 100 times and further instances of the messages will be disabled. Use the Tcl command set_msg_config to change the current settings.
close_sim
INFO: [Simtcl 6-16] Simulation closed
close_project
create_project 12_2_2 C:/vivadoproject/12_2_2 -part xc7s6ftgb196-1
INFO: [IP_Flow 19-234] Refreshing IP repositories
INFO: [IP_Flow 19-1704] No user IP repositories specified
INFO: [IP_Flow 19-2313] Loaded Vivado IP repository 'C:/Xilinx/Vivado/2024.1/data/ip'.
file mkdir C:/vivadoproject/12_2_2/12_2_2.srcs/sources_1/new
close [ open C:/vivadoproject/12_2_2/12_2_2.srcs/sources_1/new/a.v w ]
add_files C:/vivadoproject/12_2_2/12_2_2.srcs/sources_1/new/a.v
update_compile_order -fileset sources_1
WARNING: [Board 49-26] cannot add Board Part xilinx.com:ac701:part0:1.4 available at C:/Xilinx/Vivado/2024.1/data/xhub/boards/XilinxBoardStore/boards/Xilinx/ac701/1.4/board.xml as part xc7a200tfbg676-2 specified in board_part file is either invalid or not available
WARNING: [Board 49-26] cannot add Board Part xilinx.com:k24c:part0:1.0 available at C:/Xilinx/Vivado/2024.1/data/xhub/boards/XilinxBoardStore/boards/Xilinx/k24c/1.0/board.xml as part xck24-ubva530-2lv-c specified in board_part file is either invalid or not available
WARNING: [Board 49-26] cannot add Board Part xilinx.com:k24i:part0:1.0 available at C:/Xilinx/Vivado/2024.1/data/xhub/boards/XilinxBoardStore/boards/Xilinx/k24i/1.0/board.xml as part xck24-ubva530-2lvi-i specified in board_part file is either invalid or not available
WARNING: [Board 49-26] cannot add Board Part xilinx.com:k26c:part0:1.2 available at C:/Xilinx/Vivado/2024.1/data/xhub/boards/XilinxBoardStore/boards/Xilinx/k26c/1.2/board.xml as part xck26-sfvc784-2lv-c specified in board_part file is either invalid or not available
WARNING: [Board 49-26] cannot add Board Part xilinx.com:k26c:part0:1.3 available at C:/Xilinx/Vivado/2024.1/data/xhub/boards/XilinxBoardStore/boards/Xilinx/k26c/1.3/board.xml as part xck26-sfvc784-2lv-c specified in board_part file is either invalid or not available
WARNING: [Board 49-26] cannot add Board Part xilinx.com:k26c:part0:1.4 available at C:/Xilinx/Vivado/2024.1/data/xhub/boards/XilinxBoardStore/boards/Xilinx/k26c/1.4/board.xml as part xck26-sfvc784-2lv-c specified in board_part file is either invalid or not available
WARNING: [Board 49-26] cannot add Board Part xilinx.com:k26i:part0:1.2 available at C:/Xilinx/Vivado/2024.1/data/xhub/boards/XilinxBoardStore/boards/Xilinx/k26i/1.2/board.xml as part xck26-sfvc784-2lvi-i specified in board_part file is either invalid or not available
WARNING: [Board 49-26] cannot add Board Part xilinx.com:k26i:part0:1.3 available at C:/Xilinx/Vivado/2024.1/data/xhub/boards/XilinxBoardStore/boards/Xilinx/k26i/1.3/board.xml as part xck26-sfvc784-2lvi-i specified in board_part file is either invalid or not available
WARNING: [Board 49-26] cannot add Board Part xilinx.com:k26i:part0:1.4 available at C:/Xilinx/Vivado/2024.1/data/xhub/boards/XilinxBoardStore/boards/Xilinx/k26i/1.4/board.xml as part xck26-sfvc784-2lvi-i specified in board_part file is either invalid or not available
WARNING: [Board 49-26] cannot add Board Part xilinx.com:kc705:part0:1.6 available at C:/Xilinx/Vivado/2024.1/data/xhub/boards/XilinxBoardStore/boards/Xilinx/kc705/1.6/board.xml as part xc7k325tffg900-2 specified in board_part file is either invalid or not available
WARNING: [Board 49-26] cannot add Board Part xilinx.com:kcu105:part0:1.6 available at C:/Xilinx/Vivado/2024.1/data/xhub/boards/XilinxBoardStore/boards/Xilinx/kcu105/1.6/board.xml as part xcku040-ffva1156-2-e specified in board_part file is either invalid or not available
WARNING: [Board 49-26] cannot add Board Part xilinx.com:kcu105:part0:1.7 available at C:/Xilinx/Vivado/2024.1/data/xhub/boards/XilinxBoardStore/boards/Xilinx/kcu105/1.7/board.xml as part xcku040-ffva1156-2-e specified in board_part file is either invalid or not available
WARNING: [Board 49-26] cannot add Board Part xilinx.com:kcu116:part0:1.4 available at C:/Xilinx/Vivado/2024.1/data/xhub/boards/XilinxBoardStore/boards/Xilinx/kcu116/1.4/board.xml as part xcku5p-ffvb676-2-e specified in board_part file is either invalid or not available
WARNING: [Board 49-26] cannot add Board Part xilinx.com:kcu116:part0:1.5 available at C:/Xilinx/Vivado/2024.1/data/xhub/boards/XilinxBoardStore/boards/Xilinx/kcu116/1.5/board.xml as part xcku5p-ffvb676-2-e specified in board_part file is either invalid or not available
WARNING: [Board 49-26] cannot add Board Part xilinx.com:kcu1500:part0:1.2 available at C:/Xilinx/Vivado/2024.1/data/xhub/boards/XilinxBoardStore/boards/Xilinx/kcu1500/1.2/board.xml as part xcku115-flvb2104-2-e specified in board_part file is either invalid or not available
WARNING: [Board 49-26] cannot add Board Part xilinx.com:kd240_som:part0:1.0 available at C:/Xilinx/Vivado/2024.1/data/xhub/boards/XilinxBoardStore/boards/Xilinx/kd240_som/1.0/board.xml as part xck24-ubva530-2lv-c specified in board_part file is either invalid or not available
WARNING: [Board 49-26] cannot add Board Part xilinx.com:kr260_som:part0:1.0 available at C:/Xilinx/Vivado/2024.1/data/xhub/boards/XilinxBoardStore/boards/Xilinx/kr260_som/1.0/board.xml as part xck26-sfvc784-2lv-c specified in board_part file is either invalid or not available
WARNING: [Board 49-26] cannot add Board Part xilinx.com:kr260_som:part0:1.1 available at C:/Xilinx/Vivado/2024.1/data/xhub/boards/XilinxBoardStore/boards/Xilinx/kr260_som/1.1/board.xml as part xck26-sfvc784-2lv-c specified in board_part file is either invalid or not available
WARNING: [Board 49-26] cannot add Board Part xilinx.com:kv260_som:part0:1.2 available at C:/Xilinx/Vivado/2024.1/data/xhub/boards/XilinxBoardStore/boards/Xilinx/kv260_som/1.2/board.xml as part xck26-sfvc784-2lv-c specified in board_part file is either invalid or not available
WARNING: [Board 49-26] cannot add Board Part xilinx.com:kv260_som:part0:1.3 available at C:/Xilinx/Vivado/2024.1/data/xhub/boards/XilinxBoardStore/boards/Xilinx/kv260_som/1.3/board.xml as part xck26-sfvc784-2lv-c specified in board_part file is either invalid or not available
WARNING: [Board 49-26] cannot add Board Part xilinx.com:kv260_som:part0:1.4 available at C:/Xilinx/Vivado/2024.1/data/xhub/boards/XilinxBoardStore/boards/Xilinx/kv260_som/1.4/board.xml as part xck26-sfvc784-2lv-c specified in board_part file is either invalid or not available
WARNING: [Board 49-26] cannot add Board Part xilinx.com:vc707:part0:1.4 available at C:/Xilinx/Vivado/2024.1/data/xhub/boards/XilinxBoardStore/boards/Xilinx/vc707/1.4/board.xml as part xc7vx485tffg1761-2 specified in board_part file is either invalid or not available
WARNING: [Board 49-26] cannot add Board Part xilinx.com:vc709:part0:1.8 available at C:/Xilinx/Vivado/2024.1/data/xhub/boards/XilinxBoardStore/boards/Xilinx/vc709/1.8/board.xml as part xc7vx690tffg1761-2 specified in board_part file is either invalid or not available
WARNING: [Board 49-26] cannot add Board Part xilinx.com:vck190:part0:2.2 available at C:/Xilinx/Vivado/2024.1/data/xhub/boards/XilinxBoardStore/boards/Xilinx/vck190/production/2.2/board.xml as part xcvc1902-vsva2197-2mp-e-s specified in board_part file is either invalid or not available
WARNING: [Board 49-26] cannot add Board Part xilinx.com:vck190:part0:3.0 available at C:/Xilinx/Vivado/2024.1/data/xhub/boards/XilinxBoardStore/boards/Xilinx/vck190/production/3.0/board.xml as part xcvc1902-vsva2197-2mp-e-s specified in board_part file is either invalid or not available
WARNING: [Board 49-26] cannot add Board Part xilinx.com:vck190:part0:3.1 available at C:/Xilinx/Vivado/2024.1/data/xhub/boards/XilinxBoardStore/boards/Xilinx/vck190/production/3.1/board.xml as part xcvc1902-vsva2197-2mp-e-s specified in board_part file is either invalid or not available
WARNING: [Board 49-26] cannot add Board Part xilinx.com:vck190:part0:3.2 available at C:/Xilinx/Vivado/2024.1/data/xhub/boards/XilinxBoardStore/boards/Xilinx/vck190/production/3.2/board.xml as part xcvc1902-vsva2197-2mp-e-s specified in board_part file is either invalid or not available
WARNING: [Board 49-26] cannot add Board Part xilinx.com:vck190:part0:3.3 available at C:/Xilinx/Vivado/2024.1/data/xhub/boards/XilinxBoardStore/boards/Xilinx/vck190/production/3.3/board.xml as part xcvc1902-vsva2197-2mp-e-s specified in board_part file is either invalid or not available
WARNING: [Board 49-26] cannot add Board Part xilinx.com:vck190_newl:part0:1.0 available at C:/Xilinx/Vivado/2024.1/data/xhub/boards/XilinxBoardStore/boards/Xilinx/vck190_newl/production/1.0/board.xml as part xcvc1902-vsva2197-2mp-e-s specified in board_part file is either invalid or not available
WARNING: [Board 49-26] cannot add Board Part xilinx.com:vck190_newl:part0:1.1 available at C:/Xilinx/Vivado/2024.1/data/xhub/boards/XilinxBoardStore/boards/Xilinx/vck190_newl/production/1.1/board.xml as part xcvc1902-vsva2197-2mp-e-s specified in board_part file is either invalid or not available
WARNING: [Board 49-26] cannot add Board Part xilinx.com:vck190_newl:part0:1.2 available at C:/Xilinx/Vivado/2024.1/data/xhub/boards/XilinxBoardStore/boards/Xilinx/vck190_newl/production/1.2/board.xml as part xcvc1902-vsva2197-2mp-e-s specified in board_part file is either invalid or not available
WARNING: [Board 49-26] cannot add Board Part xilinx.com:vcu108:part0:1.6 available at C:/Xilinx/Vivado/2024.1/data/xhub/boards/XilinxBoardStore/boards/Xilinx/vcu108/1.6/board.xml as part xcvu095-ffva2104-2-e specified in board_part file is either invalid or not available
WARNING: [Board 49-26] cannot add Board Part xilinx.com:vcu108:part0:1.7 available at C:/Xilinx/Vivado/2024.1/data/xhub/boards/XilinxBoardStore/boards/Xilinx/vcu108/1.7/board.xml as part xcvu095-ffva2104-2-e specified in board_part file is either invalid or not available
WARNING: [Board 49-26] cannot add Board Part xilinx.com:vcu110:part0:1.4 available at C:/Xilinx/Vivado/2024.1/data/xhub/boards/XilinxBoardStore/boards/Xilinx/vcu110/1.4/board.xml as part xcvu190-flgc2104-2-e specified in board_part file is either invalid or not available
WARNING: [Board 49-26] cannot add Board Part xilinx.com:vcu118:part0:2.0 available at C:/Xilinx/Vivado/2024.1/data/xhub/boards/XilinxBoardStore/boards/Xilinx/vcu118/2.0/board.xml as part xcvu9p-flga2104-2l-e specified in board_part file is either invalid or not available
WARNING: [Board 49-26] cannot add Board Part xilinx.com:vcu118:part0:2.3 available at C:/Xilinx/Vivado/2024.1/data/xhub/boards/XilinxBoardStore/boards/Xilinx/vcu118/2.3/board.xml as part xcvu9p-flga2104-2l-e specified in board_part file is either invalid or not available
WARNING: [Board 49-26] cannot add Board Part xilinx.com:vcu118:part0:2.4 available at C:/Xilinx/Vivado/2024.1/data/xhub/boards/XilinxBoardStore/boards/Xilinx/vcu118/2.4/board.xml as part xcvu9p-flga2104-2l-e specified in board_part file is either invalid or not available
WARNING: [Board 49-26] cannot add Board Part xilinx.com:vcu128:part0:1.0 available at C:/Xilinx/Vivado/2024.1/data/xhub/boards/XilinxBoardStore/boards/Xilinx/vcu128/production/1.0/board.xml as part xcvu37p-fsvh2892-2l-e specified in board_part file is either invalid or not available
WARNING: [Board 49-26] cannot add Board Part xilinx.com:vcu129:part0:1.0 available at C:/Xilinx/Vivado/2024.1/data/xhub/boards/XilinxBoardStore/boards/Xilinx/vcu129/production/1.0/board.xml as part xcvu29p-fsga2577-2l-e specified in board_part file is either invalid or not available
WARNING: [Board 49-26] cannot add Board Part xilinx.com:vcu1525:part0:1.3 available at C:/Xilinx/Vivado/2024.1/data/xhub/boards/XilinxBoardStore/boards/Xilinx/vcu1525/1.3/board.xml as part xcvu9p-fsgd2104-2l-e specified in board_part file is either invalid or not available
WARNING: [Board 49-26] cannot add Board Part xilinx.com:vek280:part0:1.0 available at C:/Xilinx/Vivado/2024.1/data/xhub/boards/XilinxBoardStore/boards/Xilinx/vek280/production/1.0/board.xml as part xcve2802-vsvh1760-2mp-e-s specified in board_part file is either invalid or not available
WARNING: [Board 49-26] cannot add Board Part xilinx.com:vek280:part0:1.1 available at C:/Xilinx/Vivado/2024.1/data/xhub/boards/XilinxBoardStore/boards/Xilinx/vek280/production/1.1/board.xml as part xcve2802-vsvh1760-2mp-e-s specified in board_part file is either invalid or not available
WARNING: [Board 49-26] cannot add Board Part xilinx.com:vek280:part0:1.2 available at C:/Xilinx/Vivado/2024.1/data/xhub/boards/XilinxBoardStore/boards/Xilinx/vek280/production/1.2/board.xml as part xcve2802-vsvh1760-2mp-e-s specified in board_part file is either invalid or not available
WARNING: [Board 49-26] cannot add Board Part xilinx.com:vek280_es:part0:1.0 available at C:/Xilinx/Vivado/2024.1/data/xhub/boards/XilinxBoardStore/boards/Xilinx/vek280/es/rev_a/1.0/board.xml as part xcve2802-vsvh1760-2lp-e-s-es1 specified in board_part file is either invalid or not available
WARNING: [Board 49-26] cannot add Board Part xilinx.com:vek280_es:part0:1.1 available at C:/Xilinx/Vivado/2024.1/data/xhub/boards/XilinxBoardStore/boards/Xilinx/vek280/es/rev_a/1.1/board.xml as part xcve2802-vsvh1760-2lp-e-s-es1 specified in board_part file is either invalid or not available
WARNING: [Board 49-26] cannot add Board Part xilinx.com:vek280_es_revb:part0:1.0 available at C:/Xilinx/Vivado/2024.1/data/xhub/boards/XilinxBoardStore/boards/Xilinx/vek280/es/rev_b/1.0/board.xml as part xcve2802-vsvh1760-2mp-e-s-es1 specified in board_part file is either invalid or not available
WARNING: [Board 49-26] cannot add Board Part xilinx.com:vek280_es_revb:part0:1.1 available at C:/Xilinx/Vivado/2024.1/data/xhub/boards/XilinxBoardStore/boards/Xilinx/vek280/es/rev_b/1.1/board.xml as part xcve2802-vsvh1760-2mp-e-s-es1 specified in board_part file is either invalid or not available
WARNING: [Board 49-26] cannot add Board Part xilinx.com:vermeo_t1_mpsoc:part0:1.0 available at C:/Xilinx/Vivado/2024.1/data/xhub/boards/XilinxBoardStore/boards/Xilinx/vermeo_t1_mpsoc/1.0/board.xml as part xczu19eg-ffvd1760-2l-e specified in board_part file is either invalid or not available
WARNING: [Board 49-26] cannot add Board Part xilinx.com:vermeo_t1_rfsoc:part0:1.0 available at C:/Xilinx/Vivado/2024.1/data/xhub/boards/XilinxBoardStore/boards/Xilinx/vermeo_t1_rfsoc/1.0/board.xml as part xczu21dr-ffvd1156-2l-e specified in board_part file is either invalid or not available
WARNING: [Board 49-26] cannot add Board Part xilinx.com:vhk158:part0:1.0 available at C:/Xilinx/Vivado/2024.1/data/xhub/boards/XilinxBoardStore/boards/Xilinx/vhk158/production/1.0/board.xml as part xcvh1582-vsva3697-2mp-e-s specified in board_part file is either invalid or not available
WARNING: [Board 49-26] cannot add Board Part xilinx.com:vhk158:part0:1.1 available at C:/Xilinx/Vivado/2024.1/data/xhub/boards/XilinxBoardStore/boards/Xilinx/vhk158/production/1.1/board.xml as part xcvh1582-vsva3697-2mp-e-s specified in board_part file is either invalid or not available
WARNING: [Board 49-26] cannot add Board Part xilinx.com:vhk158_es:part0:1.0 available at C:/Xilinx/Vivado/2024.1/data/xhub/boards/XilinxBoardStore/boards/Xilinx/vhk158/es/1.0/board.xml as part xcvh1582-vsva3697-2mp-e-s-es1 specified in board_part file is either invalid or not available
WARNING: [Board 49-26] cannot add Board Part xilinx.com:vhk158_es:part0:1.1 available at C:/Xilinx/Vivado/2024.1/data/xhub/boards/XilinxBoardStore/boards/Xilinx/vhk158/es/1.1/board.xml as part xcvh1582-vsva3697-2mp-e-s-es1 specified in board_part file is either invalid or not available
WARNING: [Board 49-26] cannot add Board Part xilinx.com:vmk180:part0:2.2 available at C:/Xilinx/Vivado/2024.1/data/xhub/boards/XilinxBoardStore/boards/Xilinx/vmk180/production/2.2/board.xml as part xcvm1802-vsva2197-2mp-e-s specified in board_part file is either invalid or not available
WARNING: [Board 49-26] cannot add Board Part xilinx.com:vmk180:part0:3.0 available at C:/Xilinx/Vivado/2024.1/data/xhub/boards/XilinxBoardStore/boards/Xilinx/vmk180/production/3.0/board.xml as part xcvm1802-vsva2197-2mp-e-s specified in board_part file is either invalid or not available
WARNING: [Board 49-26] cannot add Board Part xilinx.com:vmk180:part0:3.1 available at C:/Xilinx/Vivado/2024.1/data/xhub/boards/XilinxBoardStore/boards/Xilinx/vmk180/production/3.1/board.xml as part xcvm1802-vsva2197-2mp-e-s specified in board_part file is either invalid or not available
WARNING: [Board 49-26] cannot add Board Part xilinx.com:vmk180:part0:3.2 available at C:/Xilinx/Vivado/2024.1/data/xhub/boards/XilinxBoardStore/boards/Xilinx/vmk180/production/3.2/board.xml as part xcvm1802-vsva2197-2mp-e-s specified in board_part file is either invalid or not available
WARNING: [Board 49-26] cannot add Board Part xilinx.com:vmk180_newl:part0:1.0 available at C:/Xilinx/Vivado/2024.1/data/xhub/boards/XilinxBoardStore/boards/Xilinx/vmk180_newl/production/1.0/board.xml as part xcvm1802-vsva2197-2mp-e-s specified in board_part file is either invalid or not available
WARNING: [Board 49-26] cannot add Board Part xilinx.com:vmk180_newl:part0:1.1 available at C:/Xilinx/Vivado/2024.1/data/xhub/boards/XilinxBoardStore/boards/Xilinx/vmk180_newl/production/1.1/board.xml as part xcvm1802-vsva2197-2mp-e-s specified in board_part file is either invalid or not available
WARNING: [Board 49-26] cannot add Board Part xilinx.com:vpk120:part0:1.0 available at C:/Xilinx/Vivado/2024.1/data/xhub/boards/XilinxBoardStore/boards/Xilinx/vpk120/production/1.0/board.xml as part xcvp1202-vsva2785-2mp-e-s specified in board_part file is either invalid or not available
WARNING: [Board 49-26] cannot add Board Part xilinx.com:vpk120:part0:1.1 available at C:/Xilinx/Vivado/2024.1/data/xhub/boards/XilinxBoardStore/boards/Xilinx/vpk120/production/1.1/board.xml as part xcvp1202-vsva2785-2mp-e-s specified in board_part file is either invalid or not available
WARNING: [Board 49-26] cannot add Board Part xilinx.com:vpk120:part0:1.2 available at C:/Xilinx/Vivado/2024.1/data/xhub/boards/XilinxBoardStore/boards/Xilinx/vpk120/production/1.2/board.xml as part xcvp1202-vsva2785-2mp-e-s specified in board_part file is either invalid or not available
WARNING: [Board 49-26] cannot add Board Part xilinx.com:vpk180:part0:1.0 available at C:/Xilinx/Vivado/2024.1/data/xhub/boards/XilinxBoardStore/boards/Xilinx/vpk180/production/1.0/board.xml as part xcvp1802-lsvc4072-2mp-e-s specified in board_part file is either invalid or not available
WARNING: [Board 49-26] cannot add Board Part xilinx.com:vpk180:part0:1.1 available at C:/Xilinx/Vivado/2024.1/data/xhub/boards/XilinxBoardStore/boards/Xilinx/vpk180/production/1.1/board.xml as part xcvp1802-lsvc4072-2mp-e-s specified in board_part file is either invalid or not available
WARNING: [Board 49-26] cannot add Board Part xilinx.com:vpk180:part0:1.2 available at C:/Xilinx/Vivado/2024.1/data/xhub/boards/XilinxBoardStore/boards/Xilinx/vpk180/production/1.2/board.xml as part xcvp1802-lsvc4072-2mp-e-s specified in board_part file is either invalid or not available
WARNING: [Board 49-26] cannot add Board Part xilinx.com:zc702:part0:1.4 available at C:/Xilinx/Vivado/2024.1/data/xhub/boards/XilinxBoardStore/boards/Xilinx/zc702/1.4/board.xml as part xc7z020clg484-1 specified in board_part file is either invalid or not available
WARNING: [Board 49-26] cannot add Board Part xilinx.com:zc706:part0:1.4 available at C:/Xilinx/Vivado/2024.1/data/xhub/boards/XilinxBoardStore/boards/Xilinx/zc706/1.4/board.xml as part xc7z045ffg900-2 specified in board_part file is either invalid or not available
WARNING: [Board 49-26] cannot add Board Part xilinx.com:zcu102:part0:3.3 available at C:/Xilinx/Vivado/2024.1/data/xhub/boards/XilinxBoardStore/boards/Xilinx/zcu102/3.3/board.xml as part xczu9eg-ffvb1156-2-e specified in board_part file is either invalid or not available
WARNING: [Board 49-26] cannot add Board Part xilinx.com:zcu102:part0:3.4 available at C:/Xilinx/Vivado/2024.1/data/xhub/boards/XilinxBoardStore/boards/Xilinx/zcu102/3.4/board.xml as part xczu9eg-ffvb1156-2-e specified in board_part file is either invalid or not available
WARNING: [Board 49-26] cannot add Board Part xilinx.com:zcu104:part0:1.1 available at C:/Xilinx/Vivado/2024.1/data/xhub/boards/XilinxBoardStore/boards/Xilinx/zcu104/1.1/board.xml as part xczu7ev-ffvc1156-2-e specified in board_part file is either invalid or not available
WARNING: [Board 49-26] cannot add Board Part xilinx.com:zcu106:part0:2.4 available at C:/Xilinx/Vivado/2024.1/data/xhub/boards/XilinxBoardStore/boards/Xilinx/zcu106/2.4/board.xml as part xczu7ev-ffvc1156-2-e specified in board_part file is either invalid or not available
WARNING: [Board 49-26] cannot add Board Part xilinx.com:zcu106:part0:2.5 available at C:/Xilinx/Vivado/2024.1/data/xhub/boards/XilinxBoardStore/boards/Xilinx/zcu106/2.5/board.xml as part xczu7ev-ffvc1156-2-e specified in board_part file is either invalid or not available
WARNING: [Board 49-26] cannot add Board Part xilinx.com:zcu106:part0:2.6 available at C:/Xilinx/Vivado/2024.1/data/xhub/boards/XilinxBoardStore/boards/Xilinx/zcu106/2.6/board.xml as part xczu7ev-ffvc1156-2-e specified in board_part file is either invalid or not available
WARNING: [Board 49-26] cannot add Board Part xilinx.com:zcu111:part0:1.2 available at C:/Xilinx/Vivado/2024.1/data/xhub/boards/XilinxBoardStore/boards/Xilinx/zcu111/1.2/board.xml as part xczu28dr-ffvg1517-2-e specified in board_part file is either invalid or not available
WARNING: [Board 49-26] cannot add Board Part xilinx.com:zcu111:part0:1.3 available at C:/Xilinx/Vivado/2024.1/data/xhub/boards/XilinxBoardStore/boards/Xilinx/zcu111/1.3/board.xml as part xczu28dr-ffvg1517-2-e specified in board_part file is either invalid or not available
WARNING: [Board 49-26] cannot add Board Part xilinx.com:zcu111:part0:1.4 available at C:/Xilinx/Vivado/2024.1/data/xhub/boards/XilinxBoardStore/boards/Xilinx/zcu111/1.4/board.xml as part xczu28dr-ffvg1517-2-e specified in board_part file is either invalid or not available
WARNING: [Board 49-26] cannot add Board Part xilinx.com:zcu1275:part0:1.0 available at C:/Xilinx/Vivado/2024.1/data/xhub/boards/XilinxBoardStore/boards/Xilinx/zcu1275/1.0/board.xml as part xczu29dr-ffvf1760-2-e specified in board_part file is either invalid or not available
WARNING: [Board 49-26] cannot add Board Part xilinx.com:zcu1285:part0:1.0 available at C:/Xilinx/Vivado/2024.1/data/xhub/boards/XilinxBoardStore/boards/Xilinx/zcu1285/1.0/board.xml as part xczu39dr-ffvf1760-2-i specified in board_part file is either invalid or not available
WARNING: [Board 49-26] cannot add Board Part xilinx.com:zcu208:part0:2.0 available at C:/Xilinx/Vivado/2024.1/data/xhub/boards/XilinxBoardStore/boards/Xilinx/zcu208/production/2.0/board.xml as part xczu48dr-fsvg1517-2-e specified in board_part file is either invalid or not available
WARNING: [Board 49-26] cannot add Board Part xilinx.com:zcu208ld:part0:2.0 available at C:/Xilinx/Vivado/2024.1/data/xhub/boards/XilinxBoardStore/boards/Xilinx/zcu208ld/production/2.0/board.xml as part xczu58dr-fsvg1517-2-i specified in board_part file is either invalid or not available
WARNING: [Board 49-26] cannot add Board Part xilinx.com:zcu216:part0:2.0 available at C:/Xilinx/Vivado/2024.1/data/xhub/boards/XilinxBoardStore/boards/Xilinx/zcu216/production/2.0/board.xml as part xczu49dr-ffvf1760-2-e specified in board_part file is either invalid or not available
WARNING: [Board 49-26] cannot add Board Part xilinx.com:zcu216ld:part0:2.0 available at C:/Xilinx/Vivado/2024.1/data/xhub/boards/XilinxBoardStore/boards/Xilinx/zcu216ld/production/2.0/board.xml as part xczu59dr-ffvf1760-2-i specified in board_part file is either invalid or not available
WARNING: [Board 49-26] cannot add Board Part xilinx.com:zcu670:part0:2.0 available at C:/Xilinx/Vivado/2024.1/data/xhub/boards/XilinxBoardStore/boards/Xilinx/zcu670/2.0/board.xml as part xczu67dr-fsve1156-2-i specified in board_part file is either invalid or not available
WARNING: [Board 49-26] cannot add Board Part xilinx.com:zcu670ld:part0:1.0 available at C:/Xilinx/Vivado/2024.1/data/xhub/boards/XilinxBoardStore/boards/Xilinx/zcu670ld/1.0/board.xml as part xczu57dr-fsve1156-2-i specified in board_part file is either invalid or not available
WARNING: [Board 49-26] cannot add Board Part xilinx.com:ac701:part0:1.4 available at C:/Xilinx/Vivado/2024.1/data/xhub/boards/XilinxBoardStore/boards/Xilinx/ac701/1.4/board.xml as part xc7a200tfbg676-2 specified in board_part file is either invalid or not available
WARNING: [Board 49-26] cannot add Board Part xilinx.com:k24c:part0:1.0 available at C:/Xilinx/Vivado/2024.1/data/xhub/boards/XilinxBoardStore/boards/Xilinx/k24c/1.0/board.xml as part xck24-ubva530-2lv-c specified in board_part file is either invalid or not available
WARNING: [Board 49-26] cannot add Board Part xilinx.com:k24i:part0:1.0 available at C:/Xilinx/Vivado/2024.1/data/xhub/boards/XilinxBoardStore/boards/Xilinx/k24i/1.0/board.xml as part xck24-ubva530-2lvi-i specified in board_part file is either invalid or not available
WARNING: [Board 49-26] cannot add Board Part xilinx.com:k26c:part0:1.2 available at C:/Xilinx/Vivado/2024.1/data/xhub/boards/XilinxBoardStore/boards/Xilinx/k26c/1.2/board.xml as part xck26-sfvc784-2lv-c specified in board_part file is either invalid or not available
WARNING: [Board 49-26] cannot add Board Part xilinx.com:k26c:part0:1.3 available at C:/Xilinx/Vivado/2024.1/data/xhub/boards/XilinxBoardStore/boards/Xilinx/k26c/1.3/board.xml as part xck26-sfvc784-2lv-c specified in board_part file is either invalid or not available
WARNING: [Board 49-26] cannot add Board Part xilinx.com:k26c:part0:1.4 available at C:/Xilinx/Vivado/2024.1/data/xhub/boards/XilinxBoardStore/boards/Xilinx/k26c/1.4/board.xml as part xck26-sfvc784-2lv-c specified in board_part file is either invalid or not available
WARNING: [Board 49-26] cannot add Board Part xilinx.com:k26i:part0:1.2 available at C:/Xilinx/Vivado/2024.1/data/xhub/boards/XilinxBoardStore/boards/Xilinx/k26i/1.2/board.xml as part xck26-sfvc784-2lvi-i specified in board_part file is either invalid or not available
WARNING: [Board 49-26] cannot add Board Part xilinx.com:k26i:part0:1.3 available at C:/Xilinx/Vivado/2024.1/data/xhub/boards/XilinxBoardStore/boards/Xilinx/k26i/1.3/board.xml as part xck26-sfvc784-2lvi-i specified in board_part file is either invalid or not available
WARNING: [Board 49-26] cannot add Board Part xilinx.com:k26i:part0:1.4 available at C:/Xilinx/Vivado/2024.1/data/xhub/boards/XilinxBoardStore/boards/Xilinx/k26i/1.4/board.xml as part xck26-sfvc784-2lvi-i specified in board_part file is either invalid or not available
WARNING: [Board 49-26] cannot add Board Part xilinx.com:kc705:part0:1.6 available at C:/Xilinx/Vivado/2024.1/data/xhub/boards/XilinxBoardStore/boards/Xilinx/kc705/1.6/board.xml as part xc7k325tffg900-2 specified in board_part file is either invalid or not available
WARNING: [Board 49-26] cannot add Board Part xilinx.com:kcu105:part0:1.6 available at C:/Xilinx/Vivado/2024.1/data/xhub/boards/XilinxBoardStore/boards/Xilinx/kcu105/1.6/board.xml as part xcku040-ffva1156-2-e specified in board_part file is either invalid or not available
WARNING: [Board 49-26] cannot add Board Part xilinx.com:kcu105:part0:1.7 available at C:/Xilinx/Vivado/2024.1/data/xhub/boards/XilinxBoardStore/boards/Xilinx/kcu105/1.7/board.xml as part xcku040-ffva1156-2-e specified in board_part file is either invalid or not available
WARNING: [Board 49-26] cannot add Board Part xilinx.com:kcu116:part0:1.4 available at C:/Xilinx/Vivado/2024.1/data/xhub/boards/XilinxBoardStore/boards/Xilinx/kcu116/1.4/board.xml as part xcku5p-ffvb676-2-e specified in board_part file is either invalid or not available
WARNING: [Board 49-26] cannot add Board Part xilinx.com:kcu116:part0:1.5 available at C:/Xilinx/Vivado/2024.1/data/xhub/boards/XilinxBoardStore/boards/Xilinx/kcu116/1.5/board.xml as part xcku5p-ffvb676-2-e specified in board_part file is either invalid or not available
WARNING: [Board 49-26] cannot add Board Part xilinx.com:kcu1500:part0:1.2 available at C:/Xilinx/Vivado/2024.1/data/xhub/boards/XilinxBoardStore/boards/Xilinx/kcu1500/1.2/board.xml as part xcku115-flvb2104-2-e specified in board_part file is either invalid or not available
WARNING: [Board 49-26] cannot add Board Part xilinx.com:kd240_som:part0:1.0 available at C:/Xilinx/Vivado/2024.1/data/xhub/boards/XilinxBoardStore/boards/Xilinx/kd240_som/1.0/board.xml as part xck24-ubva530-2lv-c specified in board_part file is either invalid or not available
INFO: [Common 17-14] Message 'Board 49-26' appears 100 times and further instances of the messages will be disabled. Use the Tcl command set_msg_config to change the current settings.
close_project
create_project project_33 C:/vivadoproject/project_33 -part xc7s6ftgb196-1
INFO: [IP_Flow 19-234] Refreshing IP repositories
INFO: [IP_Flow 19-1704] No user IP repositories specified
INFO: [IP_Flow 19-2313] Loaded Vivado IP repository 'C:/Xilinx/Vivado/2024.1/data/ip'.
file mkdir C:/vivadoproject/project_33/project_33.srcs/sources_1/new
close [ open C:/vivadoproject/project_33/project_33.srcs/sources_1/new/s.v w ]
add_files C:/vivadoproject/project_33/project_33.srcs/sources_1/new/s.v
update_compile_order -fileset sources_1
synth_design -rtl -rtl_skip_mlo -name rtl_1
Command: synth_design -rtl -rtl_skip_mlo -name rtl_1
Starting synth_design
Using part: xc7s6ftgb196-1
Top: timing_circuit
INFO: [Device 21-403] Loading part xc7s6ftgb196-1
INFO: [Device 21-9227] Part: xc7s6ftgb196-1 does not have CEAM library.
INFO: [Synth 8-7079] Multithreading enabled for synth_design using a maximum of 2 processes.
INFO: [Synth 8-7078] Launching helper process for spawning children vivado processes
INFO: [Synth 8-7075] Helper process launched with PID 31660
---------------------------------------------------------------------------------
Starting RTL Elaboration : Time (s): cpu = 00:00:01 ; elapsed = 00:00:07 . Memory (MB): peak = 2927.344 ; gain = 0.000
---------------------------------------------------------------------------------
INFO: [Synth 8-6157] synthesizing module 'timing_circuit' [C:/vivadoproject/project_33/project_33.srcs/sources_1/new/s.v:1]
INFO: [Synth 8-6155] done synthesizing module 'timing_circuit' (0#1) [C:/vivadoproject/project_33/project_33.srcs/sources_1/new/s.v:1]
---------------------------------------------------------------------------------
Finished RTL Elaboration : Time (s): cpu = 00:00:03 ; elapsed = 00:00:11 . Memory (MB): peak = 2927.344 ; gain = 0.000
---------------------------------------------------------------------------------
---------------------------------------------------------------------------------
Start Handling Custom Attributes
---------------------------------------------------------------------------------
---------------------------------------------------------------------------------
Finished Handling Custom Attributes : Time (s): cpu = 00:00:03 ; elapsed = 00:00:11 . Memory (MB): peak = 2927.344 ; gain = 0.000
---------------------------------------------------------------------------------
---------------------------------------------------------------------------------
Finished RTL Optimization Phase 1 : Time (s): cpu = 00:00:03 ; elapsed = 00:00:11 . Memory (MB): peak = 2927.344 ; gain = 0.000
---------------------------------------------------------------------------------
Netlist sorting complete. Time (s): cpu = 00:00:00 ; elapsed = 00:00:00.001 . Memory (MB): peak = 2927.344 ; gain = 0.000
INFO: [Project 1-570] Preparing netlist for logic optimization

Processing XDC Constraints
Initializing timing engine
Completed Processing XDC Constraints

Netlist sorting complete. Time (s): cpu = 00:00:00 ; elapsed = 00:00:00 . Memory (MB): peak = 2927.344 ; gain = 0.000
INFO: [Project 1-111] Unisim Transformation Summary:
No Unisim elements were transformed.

RTL Elaboration Complete:  : Time (s): cpu = 00:00:11 ; elapsed = 00:00:20 . Memory (MB): peak = 2927.344 ; gain = 0.000
9 Infos, 0 Warnings, 0 Critical Warnings and 0 Errors encountered.
synth_design completed successfully
synth_design: Time (s): cpu = 00:00:13 ; elapsed = 00:00:31 . Memory (MB): peak = 2927.344 ; gain = 0.000
launch_simulation
Command: launch_simulation 
INFO: [Vivado 12-12493] Simulation top is 'stopwatch'
WARNING: [Vivado 12-13340] Unable to auto find GCC executables from simulator install path! (path not set)
INFO: [Vivado 12-5682] Launching behavioral simulation in 'C:/vivadoproject/project_33/project_33.sim/sim_1/behav/xsim'
INFO: [SIM-utils-51] Simulation object is 'sim_1'
INFO: [SIM-utils-72] Using boost library from 'C:/Xilinx/Vivado/2024.1/tps/boost_1_72_0'
INFO: [SIM-utils-54] Inspecting design source files for 'stopwatch' in fileset 'sim_1'...
INFO: [USF-XSim-97] Finding global include files...
INFO: [USF-XSim-98] Fetching design files from 'sim_1'...
INFO: [USF-XSim-2] XSim::Compile design
INFO: [USF-XSim-61] Executing 'COMPILE and ANALYZE' step in 'C:/vivadoproject/project_33/project_33.sim/sim_1/behav/xsim'
"xvlog --incr --relax -prj stopwatch_vlog.prj"
INFO: [VRFC 10-2263] Analyzing Verilog file "C:/vivadoproject/project_33/project_33.srcs/sources_1/new/s.v" into library xil_defaultlib
INFO: [VRFC 10-311] analyzing module stopwatch
INFO: [VRFC 10-2263] Analyzing Verilog file "C:/vivadoproject/project_33/project_33.sim/sim_1/behav/xsim/glbl.v" into library xil_defaultlib
INFO: [VRFC 10-311] analyzing module glbl
INFO: [USF-XSim-69] 'compile' step finished in '2' seconds
INFO: [USF-XSim-3] XSim::Elaborate design
INFO: [USF-XSim-61] Executing 'ELABORATE' step in 'C:/vivadoproject/project_33/project_33.sim/sim_1/behav/xsim'
"xelab --incr --debug typical --relax --mt 2 -L xil_defaultlib -L unisims_ver -L unimacro_ver -L secureip --snapshot stopwatch_behav xil_defaultlib.stopwatch xil_defaultlib.glbl -log elaborate.log"
Vivado Simulator v2024.1
Copyright 1986-2022 Xilinx, Inc. All Rights Reserved.
Copyright 2022-2024 Advanced Micro Devices, Inc. All Rights Reserved.
Running: C:/Xilinx/Vivado/2024.1/bin/unwrapped/win64.o/xelab.exe --incr --debug typical --relax --mt 2 -L xil_defaultlib -L unisims_ver -L unimacro_ver -L secureip --snapshot stopwatch_behav xil_defaultlib.stopwatch xil_defaultlib.glbl -log elaborate.log 
Using 2 slave threads.
Starting static elaboration
Pass Through NonSizing Optimizer
Completed static elaboration
Starting simulation data flow analysis
WARNING: [XSIM 43-4100] "C:/vivadoproject/project_33/project_33.sim/sim_1/behav/xsim/glbl.v" Line 6. Module glbl has a timescale but at least one module in design doesn't have timescale.
WARNING: [XSIM 43-4100] "C:/vivadoproject/project_33/project_33.sim/sim_1/behav/xsim/glbl.v" Line 6. Module glbl has a timescale but at least one module in design doesn't have timescale.
Completed simulation data flow analysis
Time Resolution for simulation is 1ps
Compiling module xil_defaultlib.stopwatch
Compiling module xil_defaultlib.glbl
Built simulation snapshot stopwatch_behav
INFO: [USF-XSim-69] 'elaborate' step finished in '2' seconds
INFO: [USF-XSim-4] XSim::Simulate design
INFO: [USF-XSim-61] Executing 'SIMULATE' step in 'C:/vivadoproject/project_33/project_33.sim/sim_1/behav/xsim'
INFO: [USF-XSim-98] *** Running xsim
   with args "stopwatch_behav -key {Behavioral:sim_1:Functional:stopwatch} -tclbatch {stopwatch.tcl} -log {simulate.log}"
INFO: [USF-XSim-8] Loading simulator feature
Time resolution is 1 ps
source stopwatch.tcl
# set curr_wave [current_wave_config]
# if { [string length $curr_wave] == 0 } {
#   if { [llength [get_objects]] > 0} {
#     add_wave /
#     set_property needs_save false [current_wave_config]
#   } else {
#      send_msg_id Add_Wave-1 WARNING "No top level signals found. Simulator will start without a wave window. If you want to open a wave window go to 'File->New Waveform Configuration' or type 'create_wave_config' in the TCL console."
#   }
# }
# run 1000ns
INFO: [USF-XSim-96] XSim completed. Design snapshot 'stopwatch_behav' loaded.
INFO: [USF-XSim-97] XSim simulation ran for 1000ns
launch_simulation: Time (s): cpu = 00:00:02 ; elapsed = 00:00:10 . Memory (MB): peak = 2927.344 ; gain = 0.000
close_sim
INFO: [Simtcl 6-16] Simulation closed
exit
INFO: [Common 17-206] Exiting Vivado at Fri Dec  6 20:35:26 2024...
